protein_id,site,label,prediction
40C1_ORYSJ,95,1,1
6PGL_MYCTU,178,1,1
A0A087WS16_MOUSE,1246,1,1
A0A0N7KI05_ORYSJ,101,1,0
A0A0P0VLH7_ORYSJ,63,1,1
A0A0P0VPT6_ORYSJ,68,1,1
A0A0P0VRI0_ORYSJ,125,1,1
A0A0P0VTZ7_ORYSJ,123,1,1
A0A0P0VUB4_ORYSJ,224,1,1
A0A0P0VUB4_ORYSJ,398,1,1
A0A0P0VW37_ORYSJ,67,1,0
A0A0P0VW37_ORYSJ,142,1,1
A0A0P0WDR2_ORYSJ,378,1,1
A0A0P0WDR2_ORYSJ,430,1,1
A0A0P0XBM6_ORYSJ,173,1,1
A0A0P0XU17_ORYSJ,35,1,1
A0A0P0XUU0_ORYSJ,198,1,1
A0A0P0Y1Y5_ORYSJ,47,1,1
A0A0P0Y1Y5_ORYSJ,83,1,1
A0A0P0Y1Y5_ORYSJ,189,1,1
A0A0P0Y1Y5_ORYSJ,312,1,1
A0A0R4J0I6_MOUSE,422,1,1
A0A0R4J0K2_MOUSE,438,1,1
A0RZC9_SOLLC,148,1,1
A1M_RAT,1422,1,0
A1M_RAT,1467,1,1
A2A654_MOUSE,1228,1,1
A2ANY6_MOUSE,2115,1,1
AADAT_MOUSE,172,1,1
AADAT_MOUSE,339,1,0
AAKB1_MOUSE,201,1,1
AATC_MOUSE,318,1,1
AATC_ORYSJ,47,1,1
AATM_BOVIN,309,1,1
AATM_HUMAN,59,1,1
AATM_HUMAN,82,1,1
AATM_HUMAN,185,1,0
AATM_HUMAN,227,1,1
AATM_HUMAN,296,1,1
AATM_HUMAN,363,1,1
AATM_HUMAN,396,1,1
AATM_MOUSE,107,1,1
AATM_MOUSE,150,1,0
AATM_MOUSE,345,1,1
AATM_RAT,94,1,1
AAT_ECOLI,37,1,1
AAT_ECOLI,93,1,1
AAT_ECOLI,116,1,0
AAT_ECOLI,134,1,1
AAT_ECOLI,236,1,1
AAT_ECOLI,332,1,1
ABHEB_MOUSE,151,1,1
ABHEB_MOUSE,173,1,1
ACAC_YEAST,1464,1,1
ACAC_YEAST,2137,1,0
ACAD8_MOUSE,48,1,1
ACAD8_MOUSE,68,1,1
ACAD8_MOUSE,211,1,1
ACAD8_MOUSE,269,1,1
ACAD8_MOUSE,301,1,1
ACAD9_HUMAN,41,1,1
ACAD9_HUMAN,239,1,1
ACAD9_HUMAN,608,1,1
ACAD9_MOUSE,96,1,1
ACAD9_MOUSE,262,1,1
ACAD9_MOUSE,525,1,1
ACADS_MOUSE,51,1,1
ACADS_MOUSE,72,1,1
ACADS_MOUSE,129,1,1
ACADS_MOUSE,208,1,1
ACADS_MOUSE,335,1,1
ACBP_HUMAN,63,1,1
ACBP_HUMAN,77,1,1
ACBP_MOUSE,14,1,0
ACBP_YEAST,19,1,1
ACBP_YEAST,51,1,1
ACCC_ECOLI,27,1,1
ACCC_ECOLI,40,1,1
ACCC_ECOLI,124,1,1
ACCC_ECOLI,190,1,1
ACCC_ECOLI,324,1,0
ACCC_ECOLI,353,1,1
ACCD1_VIBPA,102,1,1
ACCO1_SOLLC,293,1,1
ACD11_MOUSE,90,1,0
ACD11_MOUSE,368,1,0
ACD11_MOUSE,390,1,1
ACDP_MYCTU,44,1,1
ACDP_MYCTU,117,1,1
ACG_MYCTU,12,1,0
ACG_MYCTU,45,1,1
ACNA_CORGL,40,1,0
ACNA_CORGL,276,1,1
ACNA_CORGL,384,1,1
ACNA_CORGL,502,1,0
ACNA_CORGL,656,1,1
ACNA_CORGL,708,1,1
ACNA_CORGL,725,1,1
ACNA_CORGL,825,1,1
ACNA_MYCTU,16,1,1
ACNA_MYCTU,58,1,1
ACNA_MYCTU,319,1,1
ACNA_MYCTU,372,1,0
ACNA_MYCTU,624,1,1
ACNA_MYCTU,697,1,1
ACNA_MYCTU,746,1,1
ACNA_MYCTU,892,1,1
ACNT1_MOUSE,305,1,1
ACNT2_MOUSE,38,1,1
ACO12_MOUSE,34,1,1
ACO12_MOUSE,97,1,1
ACO12_MOUSE,160,1,1
ACO12_MOUSE,229,1,0
ACON_YEAST,254,1,1
ACON_YEAST,638,1,1
ACOX1_MOUSE,89,1,1
ACOX1_MOUSE,159,1,0
ACOX1_MOUSE,216,1,1
ACOX1_MOUSE,241,1,0
ACOX1_MOUSE,295,1,1
ACOX1_MOUSE,349,1,1
ACOX1_MOUSE,446,1,1
ACOX1_MOUSE,488,1,1
ACOX1_MOUSE,512,1,1
ACOX1_MOUSE,537,1,1
ACOX1_MOUSE,637,1,1
ACOX1_RAT,260,1,1
ACOX3_MOUSE,505,1,1
ACPS_VIBPA,44,1,1
ACSA_ECOLI,56,1,1
ACSA_MYCTU,193,1,1
ACSA_MYCTU,366,1,1
ACSA_VIBPA,212,1,1
ACSA_VIBPA,367,1,1
ACSA_VIBPA,581,1,0
ACSF3_MOUSE,561,1,1
ACSM1_MOUSE,81,1,1
ACSM1_MOUSE,142,1,0
ACSM1_MOUSE,179,1,1
ACSM1_MOUSE,200,1,1
ACSM1_MOUSE,214,1,1
ACSM1_MOUSE,233,1,1
ACSM1_MOUSE,387,1,1
ACSM1_MOUSE,501,1,1
ACSM1_MOUSE,527,1,1
ACSM1_MOUSE,559,1,1
ACSS3_MOUSE,142,1,1
ACSS3_MOUSE,513,1,1
ACT7_ORYSJ,51,1,1
ACTB_MOUSE,113,1,1
ACTB_MOUSE,213,1,1
ACTN1_MOUSE,436,1,1
ACTN1_RAT,563,1,1
ACTN3_MOUSE,116,1,1
ACTN4_HUMAN,217,1,1
ACTN4_MOUSE,626,1,1
ACTN4_RAT,66,1,1
ACYP_ECOLI,63,1,1
ADCY5_RAT,101,1,1
ADD_VIBPA,22,1,1
ADD_VIBPA,230,1,1
ADH1_ORYSJ,11,1,1
ADH1_ORYSJ,106,1,1
ADH1_ORYSJ,237,1,1
ADH1_RAT,228,1,1
ADH1_RAT,341,1,1
ADH2_ORYSJ,130,1,1
ADHB_MYCTU,27,1,1
ADHB_MYCTU,332,1,0
ADHB_MYCTU,362,1,1
ADHC_MYCTU,36,1,1
ADHC_MYCTU,109,1,1
ADHC_MYCTU,209,1,1
ADHD_MYCTU,227,1,1
ADK_YEAST,40,1,1
ADK_YEAST,103,1,1
ADK_YEAST,247,1,1
AFG31_MOUSE,473,1,0
AFG31_MOUSE,551,1,1
AFG32_HUMAN,308,1,1
AFG32_HUMAN,331,1,1
AFG32_HUMAN,502,1,0
AFG32_HUMAN,710,1,1
AFG32_MOUSE,116,1,1
AFG32_MOUSE,600,1,1
AFG32_MOUSE,617,1,1
AGP_ECOLI,208,1,1
AGP_ECOLI,341,1,0
AHPE_MYCTU,133,1,1
AK1A1_MOUSE,23,1,1
AK1A1_MOUSE,68,1,1
AK1A1_MOUSE,127,1,1
AK1A1_MOUSE,145,1,1
AK1D1_RAT,181,1,1
AK1D1_RAT,281,1,1
AK2H_ECOLI,16,1,1
AK3_ECOLI,63,1,1
AKAP9_MOUSE,2024,1,1
AL1A1_MOUSE,321,1,1
AL1A1_MOUSE,490,1,0
AL1A3_HUMAN,373,1,1
AL1A7_MOUSE,255,1,1
AL1A7_MOUSE,398,1,1
AL1A7_MOUSE,419,1,1
AL1B1_HUMAN,399,1,1
AL1B1_HUMAN,426,1,0
AL1B1_MOUSE,53,1,1
AL1B1_MOUSE,83,1,1
AL1B1_MOUSE,366,1,1
AL9A1_HUMAN,30,1,1
AL9A1_HUMAN,303,1,1
AL9A1_RAT,44,1,0
ALAT2_MOUSE,414,1,1
ALBU_HUMAN,229,1,1
ALDA_ECOLI,243,1,1
ALDA_ECOLI,295,1,1
ALDA_ECOLI,340,1,1
ALDA_ECOLI,356,1,1
ALDA_ECOLI,431,1,1
ALDH2_MOUSE,161,1,1
ALDH2_MOUSE,453,1,1
ALDH5_YEAST,77,1,1
ALDH6_YEAST,288,1,1
ALDH6_YEAST,474,1,1
ALF_CORGL,70,1,1
ALF_CORGL,216,1,1
ALF_ECOLI,20,1,0
ALF_ECOLI,115,1,1
ALF_ECOLI,252,1,0
ALF_ECOLI,276,1,1
ALF_ECOLI,319,1,1
ALF_ECOLI,348,1,1
ALF_MYCTU,85,1,1
ALF_MYCTU,119,1,1
ALF_MYCTU,149,1,1
ALF_MYCTU,189,1,1
ALF_MYCTU,245,1,1
ALF_MYCTU,319,1,1
ALR1_ECOLI,148,1,0
AMACR_RAT,58,1,1
AMN_ECOLI,436,1,1
AMPA_ECOLI,80,1,1
AMPA_ECOLI,134,1,1
AMPA_ECOLI,185,1,1
AMPA_MYCTU,212,1,1
AMPA_MYCTU,235,1,1
AMPA_VIBPA,156,1,1
AMPA_VIBPA,220,1,1
AMPC_ECOLI,358,1,1
AMPP_ECOLI,177,1,1
ANX11_MOUSE,253,1,1
ANXA2_HUMAN,119,1,1
ANXA2_HUMAN,176,1,1
ANXA2_HUMAN,227,1,0
AP3B1_MOUSE,48,1,1
APAH_ECOLI,53,1,1
APM1A_ORYSJ,732,1,1
ARCA_ECOLI,160,1,1
ARCA_ECOLI,178,1,0
ARGC_ECOLI,275,1,1
ARGD_CORGL,353,1,1
ARGD_MYCTU,314,1,1
ARLY_ECOLI,17,1,1
ARLY_ECOLI,95,1,1
ARLY_ECOLI,319,1,1
AROA_ECOLI,122,1,1
AROB_MYCTU,39,1,1
AROC_ECOLI,114,1,1
AROC_ECOLI,317,1,1
AROE_ECOLI,65,1,1
AROF_ECOLI,98,1,1
AROF_ECOLI,291,1,1
ARP2_HUMAN,331,1,1
ARP2_MOUSE,46,1,0
ARP2_RAT,368,1,1
ARPC5_RAT,13,1,1
ARTI_ECOLI,139,1,0
ARTI_ECOLI,229,1,1
ARTJ_ECOLI,114,1,1
ASNB_ECOLI,20,1,1
ASNB_ECOLI,173,1,1
ASNB_ECOLI,407,1,1
ASNB_ECOLI,493,1,1
ASNC_ECOLI,47,1,1
ASPA_ECOLI,63,1,1
ASPA_ECOLI,216,1,1
ASPA_ECOLI,251,1,1
ASPA_ECOLI,436,1,1
ASPG1_ECOLI,324,1,1
ASSY_CORGL,389,1,1
ASSY_MYCTU,100,1,1
ASTD_VIBPA,304,1,1
AT8A2_MOUSE,1076,1,1
ATP8_HUMAN,54,1,1
ATPD_CORGL,138,1,1
ATPF2_MOUSE,133,1,1
ATPF_BRADI,80,1,1
ATPF_BRADI,133,1,1
ATPG_CORGL,104,1,1
ATPG_ECOLI,19,1,1
ATPG_ECOLI,64,1,1
ATPG_ECOLI,98,1,1
ATPG_ECOLI,167,1,1
ATPG_ECOLI,248,1,1
ATPG_ECOLI,267,1,1
ATPG_HUMAN,270,1,1
ATPG_MOUSE,55,1,1
ATPG_MOUSE,115,1,1
ATPG_MOUSE,138,1,1
ATPG_MOUSE,154,1,1
ATPG_VIBPA,107,1,0
ATPH_BRADI,48,1,1
ATPO_HUMAN,162,1,1
ATPO_MOUSE,26,1,1
ATPO_MOUSE,51,1,1
ATPO_MOUSE,172,1,1
ATPO_MOUSE,192,1,1
B2RT14_MOUSE,103,1,1
B2RY53_MOUSE,49,1,1
B2RYI2_RAT,355,1,0
B3TN44_BRADI,142,1,1
B3TN63_BRADI,215,1,1
B9EVR3_ORYSJ,20,1,1
B9EVR3_ORYSJ,86,1,1
BAAT_MOUSE,138,1,1
BAAT_MOUSE,346,1,1
BAAT_MOUSE,406,1,1
BACH_MOUSE,158,1,0
BACH_MOUSE,287,1,1
BASP1_HUMAN,79,1,1
BASP1_HUMAN,143,1,1
BCAT2_HUMAN,44,1,1
BCP_ECOLI,114,1,1
BCP_ECOLI,140,1,0
BETB_ECOLI,235,1,1
BETB_ECOLI,297,1,1
BFR_ECOLI,33,1,1
BIOF_ECOLI,337,1,1
BIP1_ORYSJ,85,1,0
BIP1_ORYSJ,110,1,1
BIP1_ORYSJ,536,1,1
BIP_HUMAN,118,1,1
BIP_HUMAN,185,1,0
BIP_HUMAN,376,1,1
BIP_HUMAN,446,1,1
BIP_HUMAN,573,1,1
BIP_HUMAN,617,1,1
BIP_YEAST,117,1,1
BKDC_MYCTU,278,1,1
BPNT1_MOUSE,244,1,1
BSN_MOUSE,890,1,1
BUP1_RAT,132,1,1
BUP1_RAT,304,1,1
BUP1_RAT,374,1,1
C5IU71_SOLLC,110,1,1
CACP_HUMAN,186,1,1
CACP_HUMAN,261,1,1
CACP_MOUSE,93,1,1
CACP_MOUSE,245,1,0
CACP_MOUSE,315,1,0
CACP_MOUSE,379,1,1
CAH3_RAT,153,1,1
CALM1_HUMAN,22,1,1
CALM1_HUMAN,78,1,1
CALR_HUMAN,43,1,1
CALR_HUMAN,151,1,1
CALR_MOUSE,62,1,0
CALR_MOUSE,80,1,1
CALR_MOUSE,206,1,1
CALR_MOUSE,368,1,1
CALR_ORYSJ,292,1,1
CALU_RAT,281,1,1
CAND1_MOUSE,574,1,1
CAN_ECOLI,34,1,1
CAP1_HUMAN,81,1,1
CAPP_CORGL,152,1,1
CAPP_CORGL,216,1,1
CAPP_CORGL,282,1,1
CAPZB_MOUSE,235,1,1
CARA_ECOLI,202,1,1
CARA_ECOLI,330,1,1
CARB_ECOLI,137,1,1
CARB_ECOLI,321,1,0
CARB_ECOLI,527,1,1
CARB_ECOLI,706,1,1
CARB_ECOLI,872,1,1
CARB_ECOLI,940,1,1
CARB_MYCTU,138,1,1
CATA1_SOLLC,149,1,1
CATA1_SOLLC,429,1,1
CATA_HUMAN,480,1,0
CATA_MOUSE,13,1,1
CATA_MOUSE,38,1,1
CATA_MOUSE,98,1,1
CATA_MOUSE,169,1,1
CATA_MOUSE,221,1,1
CATA_MOUSE,306,1,1
CATA_MOUSE,457,1,1
CATA_MOUSE,504,1,1
CAV1_MOUSE,39,1,1
CB11_SOLLC,184,1,1
CB13_SOLLC,176,1,1
CB13_SOLLC,213,1,1
CB24_SOLLC,42,1,0
CB4B_SOLLC,53,1,1
CBLB_HUMAN,48,1,1
CBL_MOUSE,285,1,1
CBPA_ECOLI,19,1,1
CBR4_MOUSE,96,1,1
CBR4_MOUSE,189,1,0
CBS_YEAST,335,1,1
CC90B_MOUSE,167,1,1
CC90B_MOUSE,197,1,1
CDD_VIBPA,143,1,1
CFA52_MOUSE,237,1,1
CGL_MOUSE,138,1,1
CGL_MOUSE,270,1,1
CGL_RAT,383,1,1
CH10_CORGL,54,1,1
CH10_ECOLI,15,1,1
CH10_HUMAN,28,1,1
CH10_HUMAN,70,1,1
CH10_MOUSE,56,1,1
CH10_MOUSE,86,1,1
CH10_MYCTU,73,1,0
CH601_CORGL,27,1,1
CH601_CORGL,41,1,1
CH601_CORGL,284,1,1
CH601_CORGL,448,1,1
CH601_MYCTU,140,1,1
CH601_MYCTU,325,1,1
CH601_MYCTU,353,1,1
CH601_MYCTU,423,1,1
CH601_MYCTU,527,1,1
CISD3_MOUSE,96,1,0
CISY1_YEAST,88,1,1
CISY1_YEAST,203,1,0
CISY2_MYCTU,27,1,1
CISY2_MYCTU,344,1,1
CISY_CORGL,230,1,1
CISY_CORGL,301,1,1
CISY_MOUSE,49,1,1
CISY_MOUSE,103,1,1
CISY_MOUSE,193,1,1
CISY_MOUSE,375,1,1
CK5P3_RAT,146,1,0
CLH_YEAST,1447,1,1
CLPA_ECOLI,693,1,1
CLPB_CORGL,73,1,1
CLPB_CORGL,327,1,1
CLPB_CORGL,440,1,1
CLPB_CORGL,643,1,1
CLPB_ECOLI,163,1,1
CLPB_ECOLI,176,1,0
CLPB_ECOLI,199,1,1
CLPB_ECOLI,233,1,1
CLPB_ECOLI,250,1,1
CLPB_ECOLI,300,1,1
CLPB_ECOLI,408,1,1
CLPB_ECOLI,505,1,1
CLPB_ECOLI,522,1,1
CLPB_ECOLI,818,1,1
CLPB_MYCTU,570,1,1
CLPB_MYCTU,618,1,1
CLPB_MYCTU,740,1,1
CLPB_MYCTU,774,1,1
CLPB_MYCTU,790,1,1
CLPB_VIBPA,63,1,1
CLPB_VIBPA,135,1,1
CLPB_VIBPA,476,1,1
CLPB_VIBPA,550,1,1
CLPB_VIBPA,831,1,1
CLPC1_MYCTU,126,1,0
CLPC1_MYCTU,427,1,1
CLPC1_MYCTU,526,1,1
CLPC1_MYCTU,696,1,1
CLPC1_MYCTU,743,1,1
CLPP1_CORGL,171,1,1
CLPX_VIBPA,59,1,1
CMAS2_MYCTU,26,1,1
CMAS2_MYCTU,291,1,1
CMAS3_MYCTU,85,1,1
CMBL_RAT,227,1,1
CMOB_ECOLI,110,1,1
COAE_CORGL,120,1,1
COAE_ECOLI,139,1,1
COPB_RAT,535,1,1
COPD_MOUSE,351,1,1
COR1C_MOUSE,419,1,0
COX2_CORGL,189,1,0
COX7C_HUMAN,25,1,1
CP254_MOUSE,399,1,1
CP270_RAT,368,1,1
CP2A1_RAT,461,1,1
CP2A4_MOUSE,409,1,1
CP2C6_RAT,249,1,1
CP2CN_RAT,474,1,1
CP2E1_MOUSE,110,1,1
CP2E1_RAT,159,1,0
CP2F2_MOUSE,242,1,1
CP4AA_RAT,155,1,1
CPSM_HUMAN,119,1,1
CPSM_HUMAN,214,1,1
CPSM_HUMAN,402,1,1
CPSM_HUMAN,751,1,1
CPSM_HUMAN,811,1,1
CPSM_HUMAN,831,1,1
CPSM_HUMAN,869,1,0
CPSM_HUMAN,905,1,0
CPSM_HUMAN,919,1,0
CPSM_HUMAN,1107,1,1
CPSM_HUMAN,1150,1,0
CPSM_HUMAN,1168,1,1
CPSM_HUMAN,1356,1,1
CPSM_HUMAN,1471,1,1
CPSM_HUMAN,1486,1,1
CPSM_MOUSE,57,1,1
CPSM_MOUSE,182,1,1
CPSM_MOUSE,197,1,0
CPSM_MOUSE,612,1,0
CPSM_MOUSE,1070,1,1
CPSM_MOUSE,1232,1,1
CPSM_MOUSE,1444,1,1
CPSM_RAT,793,1,1
CPSM_RAT,856,1,1
CPSM_RAT,889,1,1
CPSM_RAT,935,1,1
CRPL_CORGL,59,1,1
CSM6_MYCTU,235,1,1
CSPA_ECOLI,28,1,1
CSPA_MYCTU,57,1,1
CSPE_ECOLI,15,1,0
CUCIN_ORYSJ,216,1,1
CUCIN_ORYSJ,274,1,1
CUCIN_ORYSJ,434,1,1
CX7A2_MOUSE,46,1,1
CYBP_RAT,208,1,1
CYF_SOLLC,131,1,0
CYF_SOLLC,156,1,1
CYSD_YEAST,231,1,1
CYSE_ECOLI,97,1,1
CYSG_ECOLI,270,1,1
CYSK_ECOLI,60,1,1
CYSK_ECOLI,126,1,1
CYSK_ECOLI,221,1,1
CYSK_ECOLI,246,1,1
CYSK_MYCTU,134,1,1
CYSK_MYCTU,286,1,1
D3ZUY8_RAT,620,1,0
D3ZXY4_RAT,44,1,1
D4A9L2_RAT,165,1,1
DAF_HUMAN,161,1,1
DAPA_ECOLI,155,1,0
DAPA_ECOLI,242,1,1
DAPB_MYCTU,11,1,1
DAPB_MYCTU,149,1,1
DAPF_ECOLI,198,1,1
DBHA_ECOLI,13,1,1
DBHB_ECOLI,18,1,1
DBHB_ECOLI,67,1,1
DCDA_CORGL,121,1,1
DCDA_ECOLI,44,1,1
DCDA_ECOLI,71,1,0
DCDA_ECOLI,264,1,1
DCDA_ECOLI,288,1,0
DCTN2_MOUSE,140,1,1
DDLA_ECOLI,225,1,1
DDLB_ECOLI,124,1,1
DDL_VIBPA,259,1,1
DEF1_VIBPA,19,1,1
DEOC_CORGL,192,1,1
DESA2_MYCTU,139,1,1
DESP_HUMAN,1410,1,1
DESP_HUMAN,2786,1,1
DHAR1_ORYSJ,200,1,1
DHB13_MOUSE,70,1,1
DHB8_MOUSE,66,1,1
DHB8_MOUSE,158,1,1
DHB8_MOUSE,171,1,1
DHE4_CORGL,16,1,1
DHE4_CORGL,41,1,1
DHE4_ECOLI,184,1,1
DHE4_ECOLI,276,1,1
DHOM_CORGL,430,1,1
DHOM_YEAST,60,1,1
DHOM_YEAST,117,1,1
DHOM_YEAST,290,1,1
DHR21_ORYSJ,74,1,0
DHTK1_MOUSE,184,1,0
DHTK1_MOUSE,819,1,1
DKSA_ECOLI,139,1,1
DLDH_CORGL,67,1,0
DLDH_CORGL,117,1,1
DLDH_ECOLI,80,1,1
DLDH_ECOLI,172,1,1
DLDH_ECOLI,299,1,1
DLDH_ECOLI,338,1,1
DLDH_ECOLI,403,1,1
DLDH_MYCTU,102,1,1
DLDH_MYCTU,251,1,1
DLDH_MYCTU,280,1,1
DLDH_VIBPA,92,1,1
DLDH_VIBPA,151,1,1
DLDH_VIBPA,216,1,1
DLDH_VIBPA,237,1,1
DLDH_VIBPA,255,1,1
DMXL1_MOUSE,2727,1,1
DNAA_VIBPA,391,1,1
DNAC_ECOLI,181,1,1
DNAJ1_MYCTU,234,1,1
DNAJ2_MYCTU,220,1,1
DNAJ_ECOLI,194,1,1
DNAJ_VIBPA,31,1,0
DNAJ_VIBPA,51,1,1
DNAJ_VIBPA,297,1,1
DNAK_MYCTU,217,1,0
DNAK_MYCTU,264,1,1
DNAK_MYCTU,483,1,1
DNAK_MYCTU,535,1,1
DNAK_MYCTU,564,1,0
DNJA1_RAT,37,1,1
DNJA3_HUMAN,335,1,1
DNLJ_ECOLI,194,1,0
DNLJ_ECOLI,481,1,1
DPO1_MYCTU,166,1,1
DPO1_MYCTU,182,1,0
DPO3B_ECOLI,235,1,0
DPPD_ECOLI,67,1,1
DPYL2_MOUSE,258,1,1
DPYL2_MOUSE,520,1,1
DRC10_MOUSE,440,1,1
DX39A_HUMAN,333,1,1
DX39B_RAT,156,1,1
DYR_ECOLI,106,1,1
DYR_MOUSE,33,1,1
E13A_SOLLC,53,1,1
E7ESG8_HUMAN,28,1,1
E9PV95_MOUSE,176,1,0
E9Q4P0_MOUSE,110,1,1
E9Q4Y4_MOUSE,1925,1,1
E9QA57_MOUSE,803,1,1
ECHA6_MYCTU,156,1,1
ECHP_MOUSE,38,1,1
ECHP_MOUSE,217,1,1
ECHP_MOUSE,240,1,1
ECHP_MOUSE,288,1,1
ECHP_MOUSE,459,1,1
ECHP_MOUSE,586,1,1
ECHP_MOUSE,611,1,1
ECHP_MOUSE,705,1,1
ECHP_RAT,173,1,1
ECHP_RAT,190,1,1
ECI2_HUMAN,159,1,1
EF1A1_RAT,219,1,1
EF1A1_RAT,386,1,1
EF1A_ORYSJ,161,1,1
EF1A_ORYSJ,243,1,1
EF1A_YEAST,55,1,0
EF1A_YEAST,170,1,1
EF1A_YEAST,271,1,1
EF1A_YEAST,328,1,0
EF1A_YEAST,441,1,1
EF1G1_YEAST,272,1,1
EF1G2_YEAST,46,1,1
EF1G2_YEAST,123,1,1
EF1G3_ORYSJ,217,1,1
EF1G3_ORYSJ,242,1,1
EF1G3_ORYSJ,257,1,1
EF1G3_ORYSJ,281,1,1
EF3A_YEAST,196,1,1
EF3A_YEAST,295,1,1
EF3A_YEAST,448,1,1
EF3A_YEAST,622,1,1
EF3A_YEAST,649,1,1
EF3A_YEAST,786,1,1
EF3A_YEAST,967,1,0
EFG1_VIBPA,483,1,1
EFG2_VIBPA,33,1,1
EFG2_VIBPA,262,1,0
EFG2_VIBPA,315,1,1
EFG2_VIBPA,421,1,1
EFG2_VIBPA,496,1,1
EFG2_VIBPA,513,1,1
EFG2_VIBPA,630,1,0
EFG_CORGL,324,1,1
EFG_ECOLI,77,1,1
EFG_ECOLI,143,1,1
EFG_ECOLI,249,1,0
EFG_ECOLI,370,1,1
EFG_ECOLI,423,1,1
EFG_ECOLI,440,1,1
EFG_ECOLI,541,1,1
EFG_ECOLI,555,1,1
EFG_MYCTU,218,1,0
EFG_MYCTU,359,1,0
EFP_MYCTU,48,1,1
EFTS_CORGL,127,1,1
EFTS_CORGL,225,1,0
EFTS_ORYSJ,299,1,1
EFTU_MOUSE,286,1,1
EMP1_ORYSJ,65,1,1
ENO_ORYSJ,346,1,1
ENO_VIBPA,82,1,0
ENPL_HUMAN,95,1,1
ENPL_HUMAN,356,1,1
ENPL_HUMAN,597,1,1
ENPL_HUMAN,633,1,1
ENPL_HUMAN,671,1,1
ENPL_HUMAN,702,1,1
ENPL_MOUSE,479,1,1
ENPL_MOUSE,537,1,1
ENPL_MOUSE,733,1,1
ENPL_RAT,340,1,1
ENTA_ECOLI,204,1,1
ENTC_ECOLI,65,1,1
EST2A_MOUSE,209,1,0
EST2C_MOUSE,307,1,0
ETFA_MYCTU,57,1,1
ETFA_MYCTU,304,1,1
ETTA_ECOLI,304,1,1
ETTA_ECOLI,322,1,1
ETTA_ECOLI,434,1,1
ETTA_MYCTU,247,1,1
EXOS9_MOUSE,67,1,1
F16P1_MOUSE,301,1,1
F16P1_RAT,73,1,0
F16P1_RAT,206,1,1
F16P1_RAT,232,1,1
F6WPK7_MOUSE,165,1,1
FABB_ECOLI,217,1,1
FABB_ECOLI,320,1,1
FABD_MOUSE,312,1,1
FABG_ECOLI,119,1,1
FABH1_VIBPA,255,1,1
FABI_ECOLI,43,1,0
FABI_ECOLI,114,1,1
FABI_ECOLI,129,1,1
FABI_ECOLI,163,1,1
FABI_ECOLI,201,1,1
FABP5_HUMAN,17,1,1
FABP5_MOUSE,82,1,0
FABPI_MOUSE,51,1,1
FABV1_VIBPA,32,1,1
FABV1_VIBPA,82,1,1
FABV1_VIBPA,244,1,1
FAD1_MOUSE,283,1,0
FAD25_MYCTU,313,1,1
FAD25_MYCTU,352,1,1
FADB2_MYCTU,60,1,1
FADB2_MYCTU,180,1,1
FADB2_MYCTU,250,1,1
FADJ_VIBPA,273,1,1
FADJ_VIBPA,298,1,1
FAMT_MYCTU,410,1,1
FDH1_ORYSJ,36,1,1
FDH1_ORYSJ,258,1,1
FDH2_ORYSJ,231,1,1
FDHD_ECOLI,109,1,0
FKB10_MOUSE,225,1,1
FKB1A_MOUSE,53,1,0
FLAW_ECOLI,36,1,0
FMT_ECOLI,250,1,1
FOLD_ECOLI,56,1,1
FOLD_ECOLI,194,1,1
FOLD_MYCTU,59,1,1
FQR58_MYCTU,36,1,1
FRDA_ECOLI,32,1,1
FRDA_ECOLI,121,1,1
FRDA_ECOLI,281,1,1
FRDA_ECOLI,451,1,1
FRDA_ECOLI,475,1,1
FRDA_ECOLI,570,1,1
FRDA_MOUSE,194,1,1
FRMA_ECOLI,115,1,1
FRMA_ECOLI,318,1,1
FSCB_MOUSE,84,1,1
FUMA_ECOLI,15,1,1
FUMA_ECOLI,116,1,0
FUMA_ECOLI,185,1,1
FUMA_ECOLI,200,1,1
FUMA_ECOLI,243,1,1
FUMA_ECOLI,368,1,1
FUMA_ECOLI,475,1,1
FUMC_CORGL,21,1,1
FUMC_CORGL,58,1,1
FUMC_CORGL,173,1,1
FUMC_CORGL,256,1,1
FUMC_CORGL,290,1,0
FUMC_CORGL,457,1,1
G3BP2_MOUSE,392,1,1
G6PD_ECOLI,18,1,1
G6PD_ECOLI,60,1,1
G6PD_ECOLI,109,1,1
G6PD_ECOLI,181,1,1
G6PD_ECOLI,228,1,0
G6PD_ECOLI,296,1,1
G6PD_ECOLI,344,1,1
G6PD_ECOLI,361,1,1
G6PIA_ORYSJ,127,1,1
G6PI_MYCTU,249,1,1
G6PI_MYCTU,461,1,1
G8Z261_SOLLC,344,1,1
GABD1_MYCTU,318,1,1
GALE_MYCTU,276,1,1
GALK2_MOUSE,104,1,1
GARR_ECOLI,145,1,1
GARR_ECOLI,228,1,1
GATB_MOUSE,529,1,1
GATM_MOUSE,381,1,1
GCSP_MYCTU,292,1,1
GCST_MOUSE,368,1,1
GCST_YEAST,308,1,1
GCY1_YEAST,177,1,1
GGLO_MOUSE,398,1,1
GL82_ORYSJ,68,1,1
GL82_ORYSJ,144,1,1
GLB63_ORYSJ,59,1,1
GLB63_ORYSJ,249,1,1
GLCTK_MOUSE,200,1,0
GLF_ECOLI,120,1,1
GLF_ECOLI,169,1,1
GLF_ECOLI,283,1,1
GLF_ECOLI,297,1,1
GLF_ECOLI,317,1,1
GLF_ECOLI,334,1,1
GLGB_CORGL,567,1,1
GLGC1_VIBPA,284,1,1
GLMM_ECOLI,44,1,0
GLMM_ECOLI,135,1,1
GLMM_ECOLI,256,1,1
GLMS_ECOLI,225,1,1
GLMS_ECOLI,255,1,1
GLMS_MYCTU,544,1,1
GLMS_VIBPA,151,1,1
GLMU_ECOLI,132,1,1
GLMU_ECOLI,156,1,1
GLN1A_MYCTU,363,1,1
GLNH_ECOLI,62,1,1
GLNH_ECOLI,98,1,1
GLNH_ECOLI,227,1,1
GLO2_ECOLI,150,1,1
GLOD4_MOUSE,170,1,0
GLOD4_MOUSE,273,1,1
GLPD2_MYCTU,29,1,1
GLPD2_MYCTU,387,1,1
GLPD_ECOLI,230,1,0
GLPD_ECOLI,243,1,1
GLPK_VIBPA,96,1,1
GLPK_VIBPA,227,1,1
GLPK_VIBPA,322,1,1
GLPK_VIBPA,492,1,1
GLPR_ECOLI,71,1,1
GLPX_ECOLI,29,1,0
GLRX4_ECOLI,22,1,1
GLRX5_MOUSE,55,1,1
GLSK_MOUSE,135,1,1
GLTB_ECOLI,569,1,1
GLTB_ECOLI,693,1,1
GLTB_ECOLI,712,1,1
GLTB_ECOLI,785,1,1
GLTB_ECOLI,1468,1,1
GLTL_ECOLI,220,1,1
GLUCM_MOUSE,91,1,0
GLUCM_MOUSE,420,1,1
GLYA1_MYCTU,257,1,1
GLYA1_VIBPA,62,1,1
GLYA1_VIBPA,284,1,0
GLYA2_VIBPA,364,1,1
GLYA_ECODH,331,1,1
GLYA_ECOLI,296,1,0
GNGF_ECOLI,239,1,1
GPC1_MOUSE,376,1,0
GPDA_VIBPA,183,1,1
GPX3_YEAST,50,1,1
GRCA_ECOLI,92,1,1
GRCA_VIBPA,26,1,1
GRDH_ORYSJ,33,1,1
GRPE1_HUMAN,72,1,1
GRPE1_HUMAN,157,1,0
GRPE1_MOUSE,120,1,1
GRPE_VIBPA,58,1,1
GSA_CORGL,377,1,1
GSHR_ECOLI,369,1,1
GSTK1_MOUSE,85,1,0
GSTK1_MOUSE,116,1,1
GSTK1_MOUSE,158,1,0
GSTK1_MOUSE,177,1,1
GSTK1_RAT,74,1,0
GUAA_CORGL,493,1,1
GUAA_ECOLI,253,1,1
GUAA_ECOLI,351,1,1
GUAA_ECOLI,418,1,1
GUAA_VIBPA,138,1,1
GUAD_RAT,61,1,1
GYRA_MYCTU,224,1,1
GYRA_MYCTU,245,1,1
GYRB_MYCTU,381,1,1
GYRB_MYCTU,452,1,0
GYRB_MYCTU,484,1,1
GYRB_MYCTU,498,1,1
GYRB_VIBPA,370,1,1
H1BP3_MOUSE,335,1,0
H2A1A_HUMAN,96,1,0
H2A1_YEAST,22,1,1
H7C6D0_CORGL,178,1,1
H7C7K2_CORGL,342,1,1
H7C7K2_CORGL,504,1,1
HAOX1_MOUSE,184,1,1
HAOX1_MOUSE,245,1,1
HAOX1_MOUSE,353,1,0
HBA_MOUSE,41,1,1
HBA_MOUSE,91,1,1
HBA_RAT,12,1,1
HBA_RAT,62,1,1
HEM2_ECOLI,213,1,1
HEM2_ECOLI,302,1,1
HEM3_MYCTU,150,1,1
HEM6_MOUSE,371,1,1
HEM6_MOUSE,393,1,1
HEM6_RAT,173,1,1
HEMN_ECOLI,375,1,1
HGS_HUMAN,551,1,1
HIBCH_MOUSE,100,1,1
HIBCH_MOUSE,256,1,1
HIBCH_MOUSE,296,1,1
HIBCH_MOUSE,352,1,1
HIS4_CORGL,232,1,1
HNS_ECOLI,57,1,0
HNS_ECOLI,120,1,1
HS16A_ORYSJ,48,1,1
HS16A_ORYSJ,116,1,1
HS232_ORYSJ,126,1,1
HS24M_ORYSJ,124,1,1
HS24M_ORYSJ,161,1,1
HS26P_ORYSJ,190,1,1
HSCA_ECOLI,309,1,1
HSCB_VIBPA,62,1,1
HSLO_VIBPA,216,1,1
HSP18_ORYSJ,108,1,1
HSP71_YEAST,98,1,1
HSP71_YEAST,243,1,0
HSP71_YEAST,528,1,1
HSP72_MOUSE,360,1,1
HSP78_YEAST,789,1,0
HSP7C_MOUSE,257,1,1
HSP7C_MOUSE,539,1,1
HSP7C_RAT,589,1,1
HSP7F_YEAST,45,1,1
HSP7F_YEAST,62,1,1
HTPG_ECOLI,226,1,0
HTPG_ECOLI,247,1,0
HTPG_ECOLI,298,1,1
HTPG_ECOLI,362,1,1
HTPG_ECOLI,398,1,1
HTPG_ECOLI,565,1,1
HTPG_MYCTU,378,1,1
HTPG_VIBPA,50,1,1
HTPG_VIBPA,279,1,0
HUTH_VIBPA,276,1,1
HUTH_VIBPA,472,1,1
HUWE1_HUMAN,25,1,1
HXKB_YEAST,194,1,1
HXKB_YEAST,329,1,0
HXKB_YEAST,473,1,1
HXKG_YEAST,267,1,1
I1GKK8_BRADI,139,1,1
I1GL61_BRADI,330,1,1
I1GLW6_BRADI,128,1,1
I1GLW6_BRADI,143,1,1
I1GMQ0_BRADI,89,1,1
I1GMQ0_BRADI,125,1,1
I1GNI8_BRADI,410,1,0
I1GNI8_BRADI,468,1,1
I1GP93_BRADI,125,1,0
I1GP93_BRADI,144,1,1
I1GQ82_BRADI,141,1,1
I1GQ82_BRADI,191,1,1
I1GQE9_BRADI,89,1,1
I1GQE9_BRADI,122,1,1
I1GRG5_BRADI,38,1,1
I1GRQ7_BRADI,15,1,1
I1GRT5_BRADI,110,1,1
I1GS11_BRADI,219,1,0
I1GT14_BRADI,72,1,1
I1GTI3_BRADI,243,1,1
I1GTJ6_BRADI,180,1,1
I1GUT3_BRADI,14,1,1
I1GUT3_BRADI,54,1,0
I1GUT3_BRADI,74,1,1
I1GUT3_BRADI,100,1,1
I1GUT3_BRADI,126,1,1
I1GV85_BRADI,482,1,0
I1GVG2_BRADI,268,1,0
I1GWH8_BRADI,280,1,0
I1GWP1_BRADI,127,1,1
I1GXN7_BRADI,307,1,1
I1GYL4_BRADI,348,1,1
I1GYR0_BRADI,86,1,1
I1GZ62_BRADI,137,1,1
I1H1V5_BRADI,167,1,1
I1H1V5_BRADI,397,1,1
I1H1V5_BRADI,576,1,1
I1H1Z5_BRADI,87,1,1
I1H1Z5_BRADI,168,1,1
I1H225_BRADI,369,1,1
I1H368_BRADI,103,1,1
I1H3B2_BRADI,197,1,1
I1H3F3_BRADI,123,1,1
I1H3F3_BRADI,312,1,1
I1H3Y8_BRADI,81,1,1
I1H3Y8_BRADI,105,1,0
I1H3Y8_BRADI,210,1,1
I1H3Y8_BRADI,241,1,1
I1H4K1_BRADI,101,1,1
I1H5S8_BRADI,83,1,1
I1H862_BRADI,266,1,1
I1H987_BRADI,540,1,0
I1H9A1_BRADI,155,1,1
I1HD51_BRADI,61,1,0
I1HD51_BRADI,240,1,1
I1HE99_BRADI,61,1,1
I1HEN6_BRADI,119,1,1
I1HFX8_BRADI,118,1,1
I1HG64_BRADI,245,1,1
I1HI25_BRADI,78,1,1
I1HI25_BRADI,147,1,1
I1HJL3_BRADI,227,1,1
I1HKJ7_BRADI,57,1,1
I1HKJ7_BRADI,110,1,0
I1HQB6_BRADI,99,1,1
I1HQW3_BRADI,138,1,1
I1HQW3_BRADI,552,1,1
I1HTG2_BRADI,304,1,1
I1HTT0_BRADI,159,1,1
I1HTV9_BRADI,437,1,1
I1HVG4_BRADI,117,1,1
I1HW51_BRADI,248,1,1
I1HWV6_BRADI,95,1,1
I1HWV6_BRADI,166,1,1
I1HWX2_BRADI,169,1,1
I1HXU0_BRADI,23,1,1
I1HZH4_BRADI,346,1,1
I1I0Y3_BRADI,455,1,0
I1I0Y3_BRADI,555,1,0
I1I1U2_BRADI,62,1,1
I1I411_BRADI,256,1,1
I1I508_BRADI,322,1,1
I1I5A3_BRADI,138,1,1
I1I7X4_BRADI,156,1,0
I1I8X4_BRADI,74,1,1
I1I9M7_BRADI,169,1,1
I1IA06_BRADI,154,1,1
I1IA06_BRADI,529,1,1
I1IA06_BRADI,786,1,1
I1IAA5_BRADI,97,1,1
I1IBZ4_BRADI,115,1,1
I1ICV8_BRADI,209,1,1
I1ICV8_BRADI,225,1,1
I1ICV8_BRADI,274,1,1
I1ICV8_BRADI,300,1,1
I1ID35_BRADI,102,1,1
I1ID35_BRADI,169,1,1
I1ID35_BRADI,184,1,0
I1ID35_BRADI,216,1,1
I1ID96_BRADI,120,1,1
I1ID96_BRADI,326,1,1
I1IDM0_BRADI,12,1,1
I1IDX9_BRADI,248,1,1
I1IET3_BRADI,78,1,1
I1IEV5_BRADI,102,1,0
I1IJ13_BRADI,171,1,1
I1IJ13_BRADI,302,1,1
I1IJ15_BRADI,378,1,0
I1IJ15_BRADI,399,1,1
I1IJL0_BRADI,84,1,1
I1IM95_BRADI,109,1,1
I1IPV6_BRADI,49,1,0
I1IT60_BRADI,170,1,1
I1IT71_BRADI,456,1,1
I1ITD0_BRADI,360,1,1
I1IW31_BRADI,47,1,1
I1IW31_BRADI,261,1,1
I1IYG7_BRADI,142,1,1
I1J202_BRADI,379,1,1
I1J202_BRADI,399,1,1
I6Y3S9_MYCTU,99,1,1
I6Y7V6_MYCTU,45,1,1
I6YEU0_MYCTU,968,1,1
I6YG46_MYCTU,151,1,1
IAH1_RAT,46,1,1
IBBR_ORYSJ,73,1,1
IBBR_ORYSJ,135,1,1
IBBR_ORYSJ,196,1,1
IDE_HUMAN,697,1,1
IDE_MOUSE,436,1,0
IDH3A_HUMAN,336,1,1
IDH3A_MOUSE,77,1,1
IDH3A_MOUSE,177,1,0
IDH3A_MOUSE,200,1,1
IDH3A_MOUSE,223,1,1
IDH3B_HUMAN,105,1,1
IF2B_YEAST,49,1,1
IF2_ECOLI,157,1,1
IF2_ECOLI,214,1,1
IF2_ECOLI,328,1,1
IF2_ECOLI,756,1,1
IF2_ECOLI,866,1,1
IF2_VIBPA,30,1,1
IF2_VIBPA,83,1,1
IF2_VIBPA,608,1,0
IF3_ECOLI,72,1,1
IF3_ECOLI,110,1,1
IF4A3_HUMAN,382,1,1
IF4A_YEAST,225,1,0
IF4A_YEAST,304,1,1
ILV3_YEAST,424,1,1
ILVA_CORGL,362,1,1
ILVA_MYCTU,116,1,0
ILVB1_MYCTU,13,1,1
ILVB1_MYCTU,218,1,1
ILVC_MYCTU,20,1,0
ILVC_MYCTU,49,1,1
ILVC_MYCTU,182,1,1
ILVC_MYCTU,320,1,0
ILVE_MYCTU,33,1,1
ILVH_ECOLI,102,1,1
ILVI_ECOLI,133,1,0
IMDH4_YEAST,113,1,1
INT8_MOUSE,985,1,1
IPO13_RAT,417,1,1
IPYR_YEAST,25,1,1
IPYR_YEAST,239,1,1
ISCS_ECOLI,101,1,1
ISCS_ECOLI,211,1,1
ISCS_VIBPA,196,1,1
ISPG_VIBPA,128,1,1
ISPG_VIBPA,198,1,1
ISPG_VIBPA,326,1,1
ISPH_VIBPA,50,1,1
IVD_MOUSE,65,1,1
K2C74_MOUSE,342,1,1
K4CWC4_SOLLC,71,1,1
K4D7U6_SOLLC,106,1,1
K4DH15_SOLLC,130,1,1
K7ELW0_HUMAN,62,1,1
KAD2_MOUSE,164,1,1
KAD2_MOUSE,181,1,1
KAD3_HUMAN,20,1,1
KAD3_HUMAN,189,1,1
KAD3_MOUSE,34,1,1
KAD3_MOUSE,57,1,1
KAD3_MOUSE,80,1,1
KAD4_MOUSE,60,1,1
KAD4_MOUSE,163,1,1
KAD4_MOUSE,179,1,1
KAD_ECOLI,136,1,0
KAT1_MOUSE,413,1,1
KAT3_RAT,116,1,1
KCY_HUMAN,106,1,1
KCY_HUMAN,150,1,0
KGUA_YEAST,174,1,1
KI67_MOUSE,11,1,0
KIFC3_MOUSE,353,1,0
KPRS_ECOLI,194,1,1
KPYK1_ECOLI,13,1,1
KPYK1_ECOLI,56,1,1
KPYK1_ECOLI,286,1,1
KPYK1_ECOLI,319,1,0
KPYK1_ECOLI,368,1,1
KPYK1_ECOLI,382,1,1
KPYK1_ECOLI,421,1,1
KPYK1_YEAST,177,1,1
KPYK1_YEAST,240,1,1
KPYK1_YEAST,446,1,1
KPYK_CORGL,72,1,1
LDCA_ECOLI,15,1,1
LEA14_ORYSJ,33,1,1
LEA14_ORYSJ,201,1,1
LEA17_ORYSJ,204,1,1
LEA17_ORYSJ,300,1,1
LEA19_ORYSJ,106,1,1
LEA19_ORYSJ,142,1,1
LEU1_YEAST,191,1,1
LEU1_YEAST,567,1,1
LEU3_MYCTU,171,1,1
LEUD_ECOLI,158,1,1
LGUL_HUMAN,148,1,1
LGUL_ORYSJ,118,1,1
LGUL_VIBPA,107,1,1
LIPT2_MOUSE,43,1,1
LMNA_MOUSE,270,1,1
LON_ECOLI,49,1,1
LON_ECOLI,143,1,1
LON_ECOLI,661,1,1
LON_VIBPA,556,1,1
LPXD_VIBPA,46,1,1
LPXD_VIBPA,62,1,1
LRC59_HUMAN,135,1,0
LRC59_MOUSE,149,1,1
M2GD_MOUSE,40,1,1
M2GD_MOUSE,107,1,0
M2GD_MOUSE,310,1,1
M2GD_MOUSE,353,1,1
M2GD_MOUSE,427,1,1
M2GD_MOUSE,469,1,1
M2GD_MOUSE,516,1,1
M2GD_MOUSE,786,1,1
M2GD_RAT,754,1,1
MALK_VIBPA,178,1,1
MAO1_ECOLI,528,1,1
MAOM_MOUSE,74,1,1
MAON_MOUSE,454,1,0
MAP12_MYCTU,175,1,1
MAP1_ECOLI,218,1,1
MATR3_MOUSE,522,1,1
MCCA_MOUSE,233,1,1
MCCA_MOUSE,555,1,1
MCCA_MOUSE,577,1,1
MCEE_MOUSE,116,1,1
MDH_CORGL,175,1,1
MECR_HUMAN,267,1,0
MECR_HUMAN,317,1,1
MECR_MOUSE,61,1,0
MENB_ECOLI,36,1,1
MENB_ECOLI,98,1,0
MENC_ECOLI,176,1,1
METB_MYCTU,120,1,1
METB_MYCTU,327,1,1
METC_ECOLI,295,1,1
METE_CORGL,601,1,1
METH_ECOLI,460,1,1
METZ_MYCTU,245,1,1
METZ_MYCTU,311,1,1
MFD_ECOLI,1034,1,1
MIC19_MOUSE,142,1,1
MIC19_MOUSE,157,1,1
MINE_VIBPA,49,1,1
MMAA3_MYCTU,270,1,1
MNMG_ECOLI,88,1,1
MNMG_ECOLI,283,1,1
MOAC_ECOLI,135,1,1
MP2K1_RAT,64,1,1
MPPA_ECOLI,418,1,1
MRP1_HUMAN,503,1,1
MRR_ECOLI,126,1,1
MSRA_MOUSE,47,1,1
MSRA_MOUSE,174,1,1
MSRB2_MOUSE,37,1,1
MTAP_MOUSE,49,1,1
MTFP1_MOUSE,123,1,1
MTHFS_MOUSE,158,1,1
MTOX_ECOLI,358,1,1
MUG1_RAT,737,1,1
MUKB_VIBPA,1396,1,1
MURE_ECOLI,439,1,1
NADE_VIBPA,262,1,1
NAGK_VIBPA,207,1,0
NAKD2_MOUSE,64,1,0
NAKD2_MOUSE,312,1,1
NAKD2_MOUSE,382,1,1
NAPA_VIBPA,814,1,1
NDH1_YEAST,205,1,0
NDK_ECOLI,11,1,1
NDUA7_HUMAN,40,1,1
NDUS2_MOUSE,62,1,1
NDUV3_MOUSE,57,1,0
NFS1_HUMAN,226,1,1
NLTPX_ORYSJ,68,1,1
NQRA_VIBPA,61,1,1
NQRF_VIBPA,83,1,1
NQRF_VIBPA,202,1,0
NRDC_MOUSE,268,1,1
NRDD_ECOLI,123,1,1
NRDD_ECOLI,138,1,0
NUCB2_RAT,309,1,1
NUD19_MOUSE,300,1,1
NUDT8_MOUSE,70,1,1
NUDT8_MOUSE,96,1,1
NUOF_MYCTU,246,1,1
NUSA_MYCTU,232,1,1
NUSB_ECOLI,121,1,0
NUSG_ECOLI,121,1,1
O05898_MYCTU,289,1,1
O06302_MYCTU,76,1,1
O06321_MYCTU,343,1,1
O07807_MYCTU,70,1,1
O07807_MYCTU,131,1,1
O53419_MYCTU,134,1,0
O53422_MYCTU,19,1,1
O53422_MYCTU,125,1,1
O53422_MYCTU,164,1,1
O53422_MYCTU,239,1,0
O53670_MYCTU,68,1,1
O53670_MYCTU,214,1,1
O53670_MYCTU,276,1,1
O53842_MYCTU,89,1,1
O53872_MYCTU,71,1,1
O53872_MYCTU,177,1,1
O53872_MYCTU,223,1,1
O53872_MYCTU,403,1,1
O53872_MYCTU,569,1,0
O53872_MYCTU,624,1,1
O70185_RAT,58,1,1
O82575_SOLLC,27,1,0
O86353_MYCTU,183,1,1
O86361_MYCTU,146,1,0
O86361_MYCTU,245,1,1
OAT_HUMAN,362,1,0
OAT_HUMAN,405,1,0
OAT_MOUSE,169,1,1
OAT_MOUSE,374,1,1
OAT_MOUSE,392,1,1
OCTC_MOUSE,181,1,1
OCTC_MOUSE,227,1,1
OCTC_MOUSE,482,1,1
ODB2_MOUSE,68,1,1
ODB2_MOUSE,133,1,1
ODB2_MOUSE,233,1,0
ODB2_MOUSE,304,1,1
ODB2_MOUSE,379,1,1
ODO1_ECOLI,181,1,1
ODO1_ECOLI,485,1,1
ODO1_ECOLI,576,1,0
ODO1_ECOLI,834,1,1
ODO1_ECOLI,920,1,1
ODO1_HUMAN,74,1,0
ODO1_HUMAN,276,1,0
ODO1_YEAST,996,1,1
ODO2_ECOLI,218,1,1
ODO2_HUMAN,267,1,1
ODO2_MOUSE,308,1,1
ODO2_YEAST,280,1,0
ODP1_CORGL,382,1,0
ODP1_CORGL,398,1,1
ODP1_CORGL,416,1,1
ODP1_CORGL,531,1,1
ODP1_MYCTU,441,1,1
ODP1_MYCTU,519,1,1
ODP2_CORGL,402,1,1
ODP2_MYCTU,352,1,1
ODP2_MYCTU,387,1,1
ODP2_MYCTU,454,1,1
ODP2_MYCTU,539,1,1
ODP2_YEAST,214,1,1
ODPA_HUMAN,321,1,1
ODPA_MOUSE,63,1,1
ODPA_MOUSE,277,1,1
ODPX_MOUSE,341,1,1
OLEO1_ORYSJ,112,1,1
OPDA_ECOLI,281,1,1
OPDA_ECOLI,311,1,1
OPDA_ECOLI,382,1,1
OPDA_ECOLI,660,1,1
OPGG_ECOLI,55,1,1
OPGG_ECOLI,142,1,1
OPGG_ECOLI,219,1,1
OPPF_ECOLI,27,1,1
ORN_ECOLI,145,1,1
OTC1_ECOLI,87,1,1
OTC1_ECOLI,287,1,1
OTC_MYCTU,240,1,1
OTSA_ECOLI,347,1,1
P4HA1_MOUSE,299,1,0
P4HA2_MOUSE,482,1,1
P71734_MYCTU,132,1,0
P71734_MYCTU,210,1,1
P75019_MYCTU,101,1,1
P95146_MYCTU,105,1,1
P95208_MYCTU,340,1,1
P96826_MYCTU,247,1,1
P96832_MYCTU,29,1,1
PABP_YEAST,105,1,1
PABP_YEAST,504,1,0
PABP_YEAST,567,1,1
PAK3_MOUSE,538,1,1
PANB1_ORYSJ,285,1,1
PARE_ECOLI,158,1,1
PARK7_HUMAN,130,1,1
PCKG_CORGL,212,1,1
PCKG_CORGL,255,1,1
PCKG_CORGL,492,1,1
PDC2_ORYSJ,346,1,1
PDI11_ORYSJ,74,1,1
PDIA1_HUMAN,222,1,1
PDIA1_MOUSE,108,1,1
PDIA1_MOUSE,310,1,1
PDIA1_MOUSE,411,1,1
PDIA1_RAT,354,1,1
PDIA1_RAT,368,1,1
PDIA3_HUMAN,218,1,1
PDIA3_MOUSE,129,1,1
PDIA3_MOUSE,146,1,1
PDIA3_MOUSE,274,1,0
PDIA3_MOUSE,362,1,1
PDK2_MOUSE,376,1,0
PDPR_HUMAN,854,1,0
PDXH_ECOLI,72,1,1
PEPB_VIBPA,116,1,1
PEPB_VIBPA,208,1,1
PFKA2_YEAST,180,1,1
PFKA_CORGL,309,1,1
PFKA_MYCTU,78,1,0
PFKB_ECOLI,207,1,1
PGK_ECOLI,127,1,1
PGK_ECOLI,243,1,0
PGK_MYCTU,140,1,1
PGK_VIBPA,193,1,1
PHOP_ECOLI,17,1,1
PHSG_ECOLI,306,1,1
PHSG_ECOLI,579,1,1
PHSM_ECOLI,385,1,1
PHSM_ECOLI,690,1,1
PININ_MOUSE,237,1,1
PIPNA_MOUSE,202,1,1
PIPNA_MOUSE,216,1,1
PLAP_MOUSE,651,1,0
PLOD3_MOUSE,708,1,1
PLSL_MOUSE,542,1,1
PMEU1_SOLLC,446,1,1
PNP_ECOLI,420,1,1
PNP_ECOLI,527,1,1
PNP_VIBPA,406,1,1
PNP_VIBPA,560,1,1
POTD_ECOLI,103,1,1
PPA6_MOUSE,316,1,1
PPB_ECOLI,189,1,1
PPIB_MOUSE,158,1,1
PPIB_MOUSE,192,1,1
PPOE_SOLLC,478,1,1
PPSD_MYCTU,1029,1,1
PRDX1_HUMAN,136,1,1
PRDX1_MOUSE,27,1,1
PRDX1_MOUSE,93,1,1
PROA_CORGL,171,1,1
PROQ_VIBPA,105,1,1
PROQ_VIBPA,187,1,1
PRPD2_CORGL,284,1,1
PRRA_MYCTU,175,1,1
PRS4_RAT,24,1,1
PRS4_RAT,86,1,0
PRS6A_HUMAN,53,1,1
PRS6A_HUMAN,276,1,1
PRS8_YEAST,161,1,0
PSA2_ORYSJ,165,1,1
PSA5_HUMAN,192,1,0
PSA6_HUMAN,102,1,0
PSB4_YEAST,29,1,1
PSBB_BRADI,308,1,1
PSBC_SOLLC,382,1,1
PSBD_SOLLC,318,1,1
PSBO_SOLLC,149,1,0
PSMA8_MOUSE,49,1,1
PSME1_RAT,91,1,1
PSTB_ECOLI,22,1,1
PT1_ECOLI,20,1,1
PT1_ECOLI,175,1,1
PTA_MYCTU,452,1,1
PTGA_ECOLI,54,1,1
PTGCB_ECOLI,139,1,1
PTHP_ECOLI,45,1,1
PTHP_ECOLI,72,1,1
PTMS_RAT,92,1,0
PTPM1_HUMAN,88,1,1
PTQB_ECOLI,29,1,1
PUR4_VIBPA,885,1,1
PUR5_ECOLI,334,1,1
PUR7_CORGL,251,1,1
PUR9_ECOLI,142,1,1
PUR9_ECOLI,258,1,1
PUR9_ECOLI,380,1,1
PUR9_ECOLI,422,1,1
PUR9_VIBPA,403,1,0
PURA_MOUSE,96,1,1
PURA_MOUSE,228,1,1
PURA_VIBPA,295,1,1
PURE_ECOLI,142,1,1
PURT_ECOLI,109,1,1
PURT_ECOLI,163,1,1
PYC1_YEAST,734,1,1
PYC_MOUSE,79,1,1
PYC_MOUSE,104,1,1
PYC_MOUSE,297,1,1
PYC_MOUSE,316,1,1
PYC_MOUSE,912,1,1
PYRB_ECOLI,179,1,1
PYRG_ECOLI,534,1,1
PYRG_MYCTU,130,1,1
PYRG_VIBPA,406,1,1
PYRG_VIBPA,450,1,1
PYRG_VIBPA,483,1,1
Q0DBN4_ORYSJ,310,1,1
Q0DIY4_ORYSJ,209,1,0
Q0DLY4_ORYSJ,315,1,1
Q0DWC5_ORYSJ,33,1,1
Q0DWC5_ORYSJ,48,1,1
Q0J5H3_ORYSJ,175,1,1
Q0JCS2_ORYSJ,248,1,1
Q0JDK3_ORYSJ,185,1,1
Q0JKR6_ORYSJ,49,1,0
Q10RW9_ORYSJ,257,1,1
Q11061_MYCTU,93,1,1
Q2QNS7_ORYSJ,102,1,1
Q2R223_ORYSJ,142,1,1
Q2R223_ORYSJ,171,1,1
Q3U422_MOUSE,341,1,1
Q3UE92_MOUSE,173,1,1
Q3UH59_MOUSE,447,1,1
Q3UT49_MOUSE,233,1,0
Q3V3G9_MOUSE,219,1,1
Q40129_SOLLC,147,1,0
Q5RKG9_RAT,177,1,1
Q5RKG9_RAT,194,1,1
Q67VZ1_ORYSJ,175,1,1
Q6ASR1_ORYSJ,380,1,0
Q6EPN3_ORYSJ,483,1,1
Q6H713_ORYSJ,146,1,1
Q6H7T1_ORYSJ,95,1,1
Q6K1Q6_ORYSJ,81,1,1
Q6K2D2_ORYSJ,32,1,0
Q6K8D4_ORYSJ,31,1,1
Q6UKZ0_MOUSE,289,1,1
Q6YU81_ORYSJ,60,1,1
Q6Z3X5_ORYSJ,588,1,1
Q75GU1_ORYSJ,92,1,1
Q79VD6_CORGL,33,1,1
Q79VD6_CORGL,217,1,1
Q79VE5_CORGL,232,1,0
Q79VG4_CORGL,78,1,0
Q79VI2_CORGL,179,1,1
Q79YZ2_VIBPA,41,1,1
Q79YZ5_VIBPA,594,1,0
Q7XHN4_ORYSJ,154,1,1
Q7XIH2_ORYSJ,285,1,1
Q7XVM2_ORYSJ,208,1,1
Q80X81_MOUSE,217,1,0
Q87FP3_VIBPA,475,1,1
Q87FP3_VIBPA,591,1,1
Q87FP3_VIBPA,616,1,1
Q87FQ8_VIBPA,19,1,1
Q87FQ8_VIBPA,206,1,1
Q87FQ8_VIBPA,507,1,1
Q87G24_VIBPA,26,1,0
Q87G24_VIBPA,233,1,1
Q87HH8_VIBPA,136,1,0
Q87HM2_VIBPA,522,1,1
Q87HM2_VIBPA,559,1,1
Q87HM7_VIBPA,274,1,1
Q87HZ5_VIBPA,206,1,1
Q87I09_VIBPA,68,1,1
Q87I60_VIBPA,308,1,1
Q87IL6_VIBPA,386,1,1
Q87IP0_VIBPA,159,1,1
Q87J37_VIBPA,253,1,1
Q87J42_VIBPA,469,1,1
Q87J42_VIBPA,490,1,1
Q87J81_VIBPA,597,1,1
Q87J81_VIBPA,734,1,1
Q87JC6_VIBPA,328,1,1
Q87JF5_VIBPA,40,1,1
Q87JV4_VIBPA,19,1,0
Q87JV4_VIBPA,123,1,1
Q87JV5_VIBPA,23,1,1
Q87JV5_VIBPA,77,1,1
Q87JX9_VIBPA,285,1,1
Q87JY6_VIBPA,415,1,1
Q87K44_VIBPA,238,1,1
Q87K44_VIBPA,270,1,1
Q87KF6_VIBPA,489,1,1
Q87KK2_VIBPA,246,1,1
Q87KM1_VIBPA,97,1,1
Q87KM2_VIBPA,115,1,1
Q87KT6_VIBPA,40,1,1
Q87KT6_VIBPA,125,1,1
Q87KT6_VIBPA,138,1,1
Q87KY4_VIBPA,301,1,0
Q87KY4_VIBPA,439,1,1
Q87L39_VIBPA,185,1,1
Q87L82_VIBPA,34,1,1
Q87LK2_VIBPA,60,1,1
Q87LP7_VIBPA,211,1,1
Q87LR7_VIBPA,310,1,1
Q87LU7_VIBPA,28,1,1
Q87LZ3_VIBPA,59,1,0
Q87M17_VIBPA,134,1,1
Q87M70_VIBPA,263,1,1
Q87M70_VIBPA,412,1,1
Q87M79_VIBPA,75,1,1
Q87MD7_VIBPA,190,1,1
Q87MJ3_VIBPA,150,1,1
Q87MN7_VIBPA,40,1,1
Q87MR4_VIBPA,44,1,1
Q87MW0_VIBPA,270,1,1
Q87MW0_VIBPA,284,1,1
Q87MW0_VIBPA,879,1,0
Q87MW8_VIBPA,154,1,1
Q87N22_VIBPA,99,1,1
Q87NC8_VIBPA,358,1,1
Q87ND3_VIBPA,65,1,1
Q87NG8_VIBPA,39,1,1
Q87NJ9_VIBPA,213,1,1
Q87PA4_VIBPA,256,1,1
Q87PB5_VIBPA,496,1,1
Q87PB5_VIBPA,1055,1,0
Q87PB5_VIBPA,1315,1,1
Q87PB5_VIBPA,1464,1,1
Q87PF8_VIBPA,467,1,1
Q87QH6_VIBPA,154,1,1
Q87QI4_VIBPA,131,1,1
Q87QU6_VIBPA,59,1,1
Q87QX7_VIBPA,28,1,1
Q87QX7_VIBPA,55,1,1
Q87QY4_VIBPA,442,1,1
Q87R36_VIBPA,370,1,1
Q87R48_VIBPA,75,1,1
Q87RC6_VIBPA,26,1,1
Q87RE9_VIBPA,102,1,1
Q87RE9_VIBPA,285,1,1
Q87RF8_VIBPA,137,1,1
Q87RI9_VIBPA,208,1,1
Q87RP0_VIBPA,109,1,0
Q87RP0_VIBPA,327,1,1
Q87RR6_VIBPA,22,1,1
Q87S17_VIBPA,32,1,0
Q87S44_VIBPA,166,1,1
Q87S57_VIBPA,299,1,1
Q87S69_VIBPA,45,1,0
Q87S73_VIBPA,135,1,1
Q87SB0_VIBPA,345,1,1
Q87SB0_VIBPA,364,1,0
Q87SC3_VIBPA,76,1,1
Q87SF6_VIBPA,79,1,1
Q87SI1_VIBPA,232,1,1
Q87SJ3_VIBPA,334,1,1
Q87SJ3_VIBPA,533,1,1
Q87SK4_VIBPA,96,1,1
Q87SL6_VIBPA,126,1,1
Q87SL8_VIBPA,378,1,1
Q87SL8_VIBPA,399,1,1
Q87SL8_VIBPA,425,1,1
Q87SZ3_VIBPA,365,1,1
Q87T33_VIBPA,81,1,1
Q87TF9_VIBPA,120,1,1
Q87TJ2_VIBPA,100,1,1
Q87TK1_VIBPA,286,1,1
Q87TK1_VIBPA,334,1,1
Q87TK7_VIBPA,461,1,1
Q87TR0_VIBPA,156,1,1
Q8H8B0_ORYSJ,12,1,1
Q8LQ33_ORYSJ,439,1,1
Q8NL59_CORGL,102,1,1
Q8NLG6_CORGL,67,1,1
Q8NLJ3_CORGL,61,1,1
Q8NLJ9_CORGL,271,1,1
Q8NM54_CORGL,263,1,1
Q8NM99_CORGL,103,1,1
Q8NM99_CORGL,327,1,1
Q8NMA8_CORGL,154,1,1
Q8NMG5_CORGL,213,1,1
Q8NMG8_CORGL,89,1,0
Q8NMG8_CORGL,109,1,1
Q8NMG8_CORGL,211,1,1
Q8NMI2_CORGL,125,1,1
Q8NMK9_CORGL,16,1,1
Q8NMK9_CORGL,47,1,1
Q8NML1_CORGL,252,1,1
Q8NMN0_CORGL,76,1,1
Q8NMN0_CORGL,532,1,1
Q8NMP2_CORGL,57,1,1
Q8NMV1_CORGL,169,1,1
Q8NMY7_CORGL,255,1,1
Q8NMY7_CORGL,758,1,1
Q8NNG5_CORGL,35,1,0
Q8NNG9_CORGL,138,1,0
Q8NNN8_CORGL,314,1,1
Q8NNQ9_CORGL,385,1,1
Q8NPA4_CORGL,238,1,1
Q8NPB5_CORGL,149,1,0
Q8NQ77_CORGL,211,1,1
Q8NQI2_CORGL,346,1,0
Q8NQR5_CORGL,206,1,1
Q8NQW4_CORGL,199,1,1
Q8NQW4_CORGL,729,1,1
Q8NQY7_CORGL,403,1,1
Q8NR47_CORGL,88,1,1
Q8NRF5_CORGL,99,1,1
Q8NRH9_CORGL,176,1,1
Q8NRL6_CORGL,200,1,1
Q8NRR9_CORGL,98,1,1
Q8NRU5_CORGL,23,1,1
Q8NRX5_CORGL,24,1,1
Q8NS61_CORGL,53,1,1
Q8NSB7_CORGL,76,1,1
Q8NSB7_CORGL,155,1,1
Q8NSC2_CORGL,178,1,1
Q8NSE3_CORGL,97,1,1
Q8NSF7_CORGL,66,1,1
Q8NTA7_CORGL,256,1,1
Q8NTA7_CORGL,303,1,1
Q8NTA7_CORGL,434,1,1
Q8NTD6_CORGL,80,1,1
Q8NTF5_CORGL,78,1,1
Q8NTG7_CORGL,302,1,0
Q8NTI4_CORGL,262,1,1
Q8NTL6_CORGL,70,1,1
Q8NTQ1_CORGL,433,1,1
Q8NTQ6_CORGL,313,1,1
Q8NTS5_CORGL,42,1,0
Q8NTW5_CORGL,535,1,1
Q8NUD3_CORGL,175,1,1
Q8S7U3_ORYSJ,51,1,1
Q8S7U3_ORYSJ,147,1,1
Q91W19_MOUSE,13,1,1
Q91Z25_MOUSE,82,1,1
Q9AX20_ORYSJ,199,1,1
Q9D8I4_MOUSE,55,1,1
Q9R1G6_MOUSE,120,1,0
QOR1_ECOLI,177,1,1
QOR1_ECOLI,305,1,1
QOR2_ECOLI,261,1,1
RALY_MOUSE,179,1,1
RAPA_VIBPA,459,1,1
RBL_BRADI,14,1,1
RBL_BRADI,146,1,1
RBL_BRADI,175,1,1
RBL_BRADI,227,1,1
RBL_BRADI,316,1,1
RBL_BRADI,466,1,1
RBL_SOLLC,334,1,1
RBM10_MOUSE,228,1,1
RBSA_ECOLI,116,1,1
RDH7_MOUSE,98,1,1
REHYA_ORYSJ,108,1,1
REHYA_ORYSJ,197,1,1
RHLB_ECOLI,232,1,1
RHLE_ECOLI,176,1,1
RHLE_ECOLI,436,1,0
RL10_ECOLI,37,1,1
RL11_ECOLI,45,1,1
RL11_ECOLI,87,1,1
RL11_VIBPA,97,1,1
RL14A_YEAST,83,1,1
RL14_ECOLI,23,1,1
RL15_VIBPA,96,1,1
RL15_VIBPA,123,1,1
RL17_CORGL,50,1,1
RL19_VIBPA,14,1,1
RL19_VIBPA,96,1,1
RL1_CORGL,210,1,1
RL1_ECODH,154,1,1
RL1_ECOLI,167,1,1
RL20_CORGL,36,1,1
RL20_VIBPA,41,1,1
RL22A_YEAST,13,1,1
RL25_ECOLI,83,1,0
RL27_CORGL,63,1,1
RL27_ECOLI,44,1,1
RL28_MOUSE,22,1,1
RL31B_CORGL,26,1,1
RL32P_MOUSE,50,1,1
RL37_RAT,46,1,1
RL3_CORGL,64,1,1
RL4_ECOLI,106,1,1
RL51_ORYSJ,188,1,0
RL5_HUMAN,241,1,1
RL6B_YEAST,131,1,1
RL7A_YEAST,70,1,1
RL8_MOUSE,60,1,1
RL9A_YEAST,84,1,1
RL9A_YEAST,106,1,1
RL9_ECOLI,35,1,1
RLME_VIBPA,15,1,1
RLME_VIBPA,38,1,1
RLMG_VIBPA,158,1,1
RLMI_VIBPA,304,1,1
RLUD_VIBPA,140,1,1
RM46_MOUSE,246,1,1
RMD1_MOUSE,160,1,1
RNC_CORGL,178,1,0
RNPA_ECOLI,107,1,1
RNR_VIBPA,392,1,1
RPN3_YEAST,58,1,1
RPOA_ECOLI,25,1,1
RPOA_ECOLI,95,1,0
RPOB_MYCTU,193,1,1
RPOB_MYCTU,218,1,1
RPOB_MYCTU,564,1,1
RPOB_MYCTU,1101,1,1
RPOC_MYCTU,686,1,1
RPOC_MYCTU,1090,1,1
RPOE_ECOLI,83,1,1
RPOZ_CORGL,47,1,1
RPPH_VIBPA,140,1,1
RRF2M_HUMAN,233,1,0
RRF_VIBPA,15,1,1
RRF_VIBPA,170,1,1
RS12_HUMAN,112,1,1
RS12_VIBPA,30,1,1
RS13_CORGL,81,1,1
RS16A_YEAST,102,1,1
RS16_CORGL,102,1,1
RS16_ECOLI,13,1,1
RS17_CORGL,45,1,1
RS17_ECOLI,30,1,1
RS17_ECOLI,43,1,1
RS18_ECOLI,38,1,1
RS1_MYCTU,104,1,1
RS20_CORGL,64,1,1
RS25B_YEAST,52,1,1
RS25B_YEAST,90,1,0
RS29_MOUSE,33,1,1
RS3_ECOLI,16,1,1
RS3_ECOLI,108,1,1
RS4_CORGL,123,1,1
RS8_ECOLI,22,1,1
RS8_ECOLI,94,1,0
RS9_MYCTU,70,1,1
RT18B_HUMAN,156,1,1
RT18C_MOUSE,132,1,1
RUVB2_MOUSE,365,1,0
SAC1_RAT,273,1,1
SAHH_MOUSE,322,1,0
SAHH_YEAST,38,1,1
SCRK1_ORYSJ,284,1,1
SDHD_ECOLI,93,1,1
SEC4_YEAST,15,1,1
SECA_VIBPA,137,1,1
SERC_ECOLI,68,1,1
SERC_ECOLI,257,1,1
SERC_ECOLI,348,1,1
SERC_VIBPA,52,1,1
SIR3_MOUSE,57,1,1
SO1A1_RAT,273,1,1
SODM_ECOLI,114,1,1
SODM_MOUSE,68,1,1
SPB6_MOUSE,177,1,1
SPRY4_MOUSE,139,1,1
SPZ9_ORYSJ,275,1,1
SSB1_YEAST,501,1,1
SSB_ECOLI,63,1,1
SSDH_HUMAN,265,1,1
SSDH_ORYSJ,393,1,1
ST1B1_RAT,259,1,0
STA10_MOUSE,94,1,1
STA10_MOUSE,197,1,1
STIP1_HUMAN,301,1,1
SUB2_YEAST,161,1,1
SUBI_ECOLI,48,1,1
SUCB1_MOUSE,129,1,1
SUCB1_MOUSE,225,1,1
SUCB2_HUMAN,338,1,1
SUCC_MYCTU,14,1,1
SYA_ECOLI,279,1,1
SYA_ECOLI,327,1,1
SYA_YEAST,901,1,1
SYC_ECOLI,60,1,1
SYC_VIBPA,429,1,1
SYD_ECOLI,283,1,1
SYD_ECOLI,347,1,1
SYD_VIBPA,115,1,1
SYEC_YEAST,603,1,1
SYE_ECOLI,355,1,1
SYE_ECOLI,377,1,1
SYFA_ECOLI,35,1,1
SYFA_ECOLI,179,1,1
SYFA_ECOLI,265,1,0
SYFB_ECOLI,235,1,0
SYFB_ECOLI,780,1,1
SYHM_HUMAN,257,1,1
SYHM_HUMAN,419,1,1
SYHM_MOUSE,447,1,0
SYI_ECOLI,410,1,1
SYI_ECOLI,480,1,1
SYI_ECOLI,677,1,1
SYI_ECOLI,693,1,0
SYK_VIBPA,32,1,1
SYK_VIBPA,119,1,1
SYK_VIBPA,183,1,1
SYLC_YEAST,367,1,1
SYL_ECOLI,145,1,1
SYL_ECOLI,546,1,0
SYMC_YEAST,37,1,1
SYMC_YEAST,596,1,1
SYNC_MOUSE,71,1,1
SYNM_HUMAN,357,1,0
SYN_ECOLI,114,1,1
SYN_ECOLI,364,1,1
SYN_VIBPA,375,1,0
SYP_ECOLI,34,1,1
SYP_ECOLI,547,1,1
SYQ_ECOLI,170,1,1
SYQ_ECOLI,318,1,1
SYQ_VIBPA,24,1,0
SYQ_VIBPA,273,1,0
SYRM_HUMAN,138,1,0
SYR_ECOLI,295,1,1
SYR_VIBPA,307,1,1
SYR_VIBPA,437,1,1
SYSM_MOUSE,195,1,1
SYS_VIBPA,56,1,1
SYS_VIBPA,236,1,1
SYTC_YEAST,190,1,1
SYT_CORGL,635,1,1
SYT_ECOLI,226,1,1
SYT_ECOLI,241,1,1
SYT_ECOLI,314,1,0
SYT_ECOLI,346,1,1
SYT_MYCTU,217,1,1
SYT_MYCTU,512,1,1
SYT_VIBPA,565,1,1
SYV_ECOLI,100,1,1
SYV_ECOLI,194,1,1
SYV_MYCTU,345,1,1
SYV_VIBPA,821,1,1
SYV_VIBPA,910,1,1
SYWC_MOUSE,158,1,1
SYY2_VIBPA,116,1,1
SYY_ECOLI,154,1,1
SYY_ECOLI,249,1,1
TATD_ECOLI,47,1,1
TBB2B_HUMAN,58,1,0
TBB4B_MOUSE,252,1,0
TBB5_MOUSE,297,1,1
TCPG_HUMAN,31,1,0
TCPG_YEAST,386,1,1
TEBP_RAT,79,1,1
THEM4_MOUSE,46,1,1
THEM4_MOUSE,65,1,1
THEM4_MOUSE,98,1,1
THEM4_MOUSE,197,1,1
THIKA_MOUSE,234,1,1
THIKB_MOUSE,261,1,1
THIKB_MOUSE,395,1,1
THIL_HUMAN,202,1,0
THIL_HUMAN,263,1,1
THIL_MOUSE,187,1,1
THIM_HUMAN,81,1,1
THIM_MOUSE,269,1,0
THIO_MOUSE,39,1,0
THRC_ECOLI,344,1,1
THRC_YEAST,436,1,1
THTR_MYCTU,56,1,1
THTR_MYCTU,105,1,1
TIG_VIBPA,127,1,1
TKT1_ECOLI,46,1,1
TKT1_ECOLI,330,1,1
TKT1_ECOLI,452,1,1
TLN1_MOUSE,256,1,1
TOP1_ECOLI,346,1,1
TOP1_ECOLI,727,1,1
TPIS_CORGL,12,1,1
TPIS_ECOLI,103,1,1
TPIS_ECOLI,188,1,1
TPIS_MYCTU,34,1,1
TPX2_HUMAN,249,1,1
TRAP1_HUMAN,324,1,1
TRAP1_HUMAN,375,1,1
TRAP1_MOUSE,433,1,1
TRMJ_ECOLI,211,1,1
TRPB2_VIBPA,224,1,1
TRUB_VIBPA,113,1,1
TRX1_YEAST,54,1,1
TRXB_ECOLI,75,1,1
TRXR2_RAT,155,1,1
TRXR3_MOUSE,221,1,1
TSTD3_MOUSE,96,1,1
TYRB_ECOLI,92,1,1
TYRR_ECOLI,420,1,1
UB2D3_HUMAN,128,1,1
UD11_MOUSE,264,1,1
UMAA_MYCTU,103,1,1
UMAA_MYCTU,223,1,1
USPD_ECOLI,72,1,0
VIME_MOUSE,120,1,1
VIME_MOUSE,168,1,0
WDR33_MOUSE,196,1,1
WECC_ECOLI,27,1,0
Y1077_MYCTU,97,1,1
Y1533_MYCTU,45,1,1
Y1591_CORGL,196,1,1
Y2017_CORGL,32,1,1
Y2623_MYCTU,109,1,1
Y566_MYCTU,109,1,1
YAHK_ECOLI,285,1,1
YBAB_ECOLI,12,1,0
YBIS_ECOLI,156,1,1
YBIS_ECOLI,219,1,1
YCEH_ECOLI,80,1,1
YCHN_ECOLI,79,1,1
YCIN_ECOLI,15,1,1
YEBC_ECOLI,205,1,0
YGIW_ECOLI,92,1,1
YH11B_YEAST,606,1,1
YIDA_ECOLI,98,1,1
ZN704_MOUSE,343,1,1
ZSWM8_MOUSE,195,1,1
40C1_ORYSJ,32,0,0
40C1_ORYSJ,128,0,0
40C1_ORYSJ,168,0,0
40C1_ORYSJ,244,0,0
6PGL_MYCTU,85,0,0
A0A087WS16_MOUSE,35,0,0
A0A087WS16_MOUSE,737,0,0
A0A087WS16_MOUSE,838,0,0
A0A087WS16_MOUSE,1025,0,0
A0A087WS16_MOUSE,1417,0,0
A0A087WS16_MOUSE,1484,0,0
A0A087WS16_MOUSE,1776,0,0
A0A087WS16_MOUSE,1873,0,0
A0A087WS16_MOUSE,1890,0,0
A0A087WS16_MOUSE,2029,0,0
A0A087WS16_MOUSE,2127,0,0
A0A087WS16_MOUSE,2167,0,0
A0A087WS16_MOUSE,2224,0,0
A0A087WS16_MOUSE,2259,0,0
A0A087WS16_MOUSE,2490,0,0
A0A087WS16_MOUSE,2586,0,0
A0A087WS16_MOUSE,2617,0,0
A0A087WS16_MOUSE,2644,0,0
A0A0N7KI05_ORYSJ,18,0,0
A0A0N7KI05_ORYSJ,87,0,0
A0A0N7KI05_ORYSJ,120,0,0
A0A0N7KI05_ORYSJ,162,0,0
A0A0P0VLH7_ORYSJ,89,0,0
A0A0P0VLH7_ORYSJ,223,0,0
A0A0P0VPT6_ORYSJ,18,0,0
A0A0P0VTZ7_ORYSJ,103,0,0
A0A0P0VTZ7_ORYSJ,250,0,0
A0A0P0VTZ7_ORYSJ,311,0,0
A0A0P0VUB4_ORYSJ,50,0,0
A0A0P0VUB4_ORYSJ,127,0,0
A0A0P0VUB4_ORYSJ,202,0,0
A0A0P0VUB4_ORYSJ,295,0,0
A0A0P0VUB4_ORYSJ,368,0,0
A0A0P0VUB4_ORYSJ,490,0,0
A0A0P0VUB4_ORYSJ,516,0,0
A0A0P0VUB4_ORYSJ,611,0,0
A0A0P0VW37_ORYSJ,17,0,0
A0A0P0WDR2_ORYSJ,43,0,0
A0A0P0WDR2_ORYSJ,185,0,0
A0A0P0WDR2_ORYSJ,213,0,0
A0A0P0WDR2_ORYSJ,247,0,0
A0A0P0WDR2_ORYSJ,290,0,0
A0A0P0XBM6_ORYSJ,157,0,0
A0A0P0XBM6_ORYSJ,190,0,0
A0A0P0XBM6_ORYSJ,266,0,0
A0A0P0XBM6_ORYSJ,340,0,0
A0A0P0XBM6_ORYSJ,417,0,0
A0A0P0XU17_ORYSJ,12,0,0
A0A0P0XUU0_ORYSJ,181,0,0
A0A0P0Y1Y5_ORYSJ,23,0,0
A0A0P0Y1Y5_ORYSJ,140,0,0
A0A0R4J0I6_MOUSE,314,0,0
A0A0R4J0I6_MOUSE,457,0,0
A0A0R4J0I6_MOUSE,547,0,0
A0A0R4J0K2_MOUSE,15,0,0
A0A0R4J0K2_MOUSE,150,0,0
A0A0R4J0K2_MOUSE,200,0,1
A0A0R4J0K2_MOUSE,297,0,0
A0A0R4J0K2_MOUSE,595,0,0
A0A0R4J0K2_MOUSE,614,0,0
A0A0R4J0K2_MOUSE,661,0,0
A0A0R4J0K2_MOUSE,676,0,0
A0A0R4J0K2_MOUSE,727,0,0
A0A0R4J0K2_MOUSE,798,0,0
A0A0R4J0K2_MOUSE,811,0,0
A0A0R4J0K2_MOUSE,975,0,0
A0A0R4J0K2_MOUSE,1036,0,0
A0A0R4J0K2_MOUSE,1053,0,0
A0A0R4J0K2_MOUSE,1102,0,0
A0A0R4J0K2_MOUSE,1182,0,0
A0A0R4J0K2_MOUSE,1197,0,0
A0A0R4J0K2_MOUSE,1235,0,0
A0A0R4J0K2_MOUSE,1263,0,0
A0A0R4J0K2_MOUSE,1324,0,0
A0A0R4J0K2_MOUSE,1438,0,0
A0A0R4J0K2_MOUSE,1573,0,0
A0A0R4J0K2_MOUSE,1799,0,0
A0A0R4J0K2_MOUSE,1857,0,0
A0A0R4J0K2_MOUSE,1870,0,0
A0A0R4J0K2_MOUSE,1931,0,0
A0A0R4J0K2_MOUSE,1944,0,0
A0RZC9_SOLLC,40,0,0
A0RZC9_SOLLC,64,0,0
A1M_RAT,28,0,0
A1M_RAT,81,0,0
A1M_RAT,122,0,0
A1M_RAT,207,0,0
A1M_RAT,283,0,0
A1M_RAT,425,0,0
A1M_RAT,538,0,0
A1M_RAT,607,0,0
A1M_RAT,658,0,0
A1M_RAT,747,0,0
A1M_RAT,801,0,0
A1M_RAT,868,0,0
A1M_RAT,900,0,0
A1M_RAT,1062,0,0
A1M_RAT,1088,0,0
A1M_RAT,1161,0,0
A1M_RAT,1176,0,0
A1M_RAT,1201,0,0
A1M_RAT,1216,0,0
A1M_RAT,1256,0,0
A1M_RAT,1408,0,0
A2A654_MOUSE,86,0,0
A2A654_MOUSE,133,0,0
A2A654_MOUSE,220,0,0
A2A654_MOUSE,410,0,0
A2A654_MOUSE,450,0,0
A2A654_MOUSE,481,0,0
A2A654_MOUSE,501,0,0
A2A654_MOUSE,575,0,0
A2A654_MOUSE,591,0,0
A2A654_MOUSE,687,0,0
A2A654_MOUSE,845,0,0
A2A654_MOUSE,859,0,0
A2A654_MOUSE,876,0,0
A2A654_MOUSE,970,0,0
A2A654_MOUSE,1021,0,0
A2A654_MOUSE,1041,0,0
A2A654_MOUSE,1061,0,0
A2A654_MOUSE,1074,0,0
A2A654_MOUSE,1151,0,0
A2A654_MOUSE,1347,0,0
A2A654_MOUSE,1360,0,0
A2A654_MOUSE,1445,0,0
A2A654_MOUSE,1516,0,0
A2A654_MOUSE,1621,0,0
A2A654_MOUSE,1669,0,0
A2A654_MOUSE,1709,0,0
A2A654_MOUSE,1761,0,0
A2A654_MOUSE,1824,0,0
A2A654_MOUSE,1967,0,0
A2A654_MOUSE,1987,0,0
A2A654_MOUSE,2003,0,0
A2A654_MOUSE,2051,0,0
A2A654_MOUSE,2075,0,0
A2A654_MOUSE,2109,0,0
A2A654_MOUSE,2202,0,0
A2A654_MOUSE,2273,0,0
A2A654_MOUSE,2370,0,0
A2A654_MOUSE,2585,0,0
A2A654_MOUSE,2651,0,0
A2A654_MOUSE,2689,0,0
A2A654_MOUSE,2704,0,0
A2A654_MOUSE,2718,0,0
A2ANY6_MOUSE,117,0,0
A2ANY6_MOUSE,300,0,0
A2ANY6_MOUSE,366,0,0
A2ANY6_MOUSE,394,0,0
A2ANY6_MOUSE,466,0,0
A2ANY6_MOUSE,488,0,0
A2ANY6_MOUSE,586,0,0
A2ANY6_MOUSE,739,0,0
A2ANY6_MOUSE,756,0,0
A2ANY6_MOUSE,804,0,0
A2ANY6_MOUSE,927,0,0
A2ANY6_MOUSE,942,0,0
A2ANY6_MOUSE,1004,0,0
A2ANY6_MOUSE,1201,0,0
A2ANY6_MOUSE,1340,0,0
A2ANY6_MOUSE,1355,0,0
A2ANY6_MOUSE,1406,0,0
A2ANY6_MOUSE,1431,0,0
A2ANY6_MOUSE,1617,0,0
A2ANY6_MOUSE,1856,0,0
A2ANY6_MOUSE,1909,0,0
A2ANY6_MOUSE,2049,0,0
A2ANY6_MOUSE,2168,0,0
A2ANY6_MOUSE,2182,0,0
A2ANY6_MOUSE,2466,0,0
A2ANY6_MOUSE,2954,0,0
A2ANY6_MOUSE,3286,0,0
A2ANY6_MOUSE,3352,0,0
A2ANY6_MOUSE,3376,0,0
A2ANY6_MOUSE,3504,0,0
A2ANY6_MOUSE,3774,0,0
A2ANY6_MOUSE,3790,0,0
A2ANY6_MOUSE,3804,0,0
A2ANY6_MOUSE,3838,0,0
A2ANY6_MOUSE,3851,0,0
A2ANY6_MOUSE,3897,0,0
A2ANY6_MOUSE,3956,0,0
A2ANY6_MOUSE,3985,0,0
A2ANY6_MOUSE,4053,0,0
A2ANY6_MOUSE,4100,0,0
A2ANY6_MOUSE,4134,0,0
A2ANY6_MOUSE,4225,0,0
A2ANY6_MOUSE,4552,0,0
A2ANY6_MOUSE,4569,0,0
A2ANY6_MOUSE,4582,0,0
A2ANY6_MOUSE,4648,0,0
A2ANY6_MOUSE,4683,0,0
A2ANY6_MOUSE,4701,0,0
A2ANY6_MOUSE,4732,0,0
A2ANY6_MOUSE,4746,0,0
A2ANY6_MOUSE,4838,0,0
A2ANY6_MOUSE,4862,0,0
A2ANY6_MOUSE,5003,0,0
A2ANY6_MOUSE,5146,0,0
A2ANY6_MOUSE,5169,0,0
A2ANY6_MOUSE,5226,0,0
A2ANY6_MOUSE,5370,0,0
A2ANY6_MOUSE,5534,0,0
AADAT_MOUSE,15,0,0
AADAT_MOUSE,93,0,0
AADAT_MOUSE,123,0,0
AADAT_MOUSE,188,0,0
AADAT_MOUSE,240,0,0
AADAT_MOUSE,278,0,0
AAKB1_MOUSE,29,0,0
AAKB1_MOUSE,72,0,0
AAKB1_MOUSE,89,0,0
AAKB1_MOUSE,102,0,0
AAKB1_MOUSE,172,0,0
AAKB1_MOUSE,258,0,0
AATC_MOUSE,20,0,0
AATC_MOUSE,130,0,0
AATC_MOUSE,166,0,0
AATC_MOUSE,290,0,0
AATC_MOUSE,369,0,0
AATC_MOUSE,396,0,0
AATC_ORYSJ,210,0,0
AATC_ORYSJ,306,0,0
AATC_ORYSJ,350,0,0
AATM_BOVIN,200,0,0
AATM_BOVIN,256,0,0
ACAC_YEAST,13,0,0
ACAC_YEAST,197,0,0
ACAC_YEAST,229,0,0
ACAC_YEAST,451,0,0
ACAC_YEAST,670,0,0
ACAC_YEAST,1038,0,0
ACAC_YEAST,1073,0,0
ACAC_YEAST,1147,0,0
ACAC_YEAST,1250,0,0
ACAC_YEAST,1268,0,0
ACAC_YEAST,1328,0,0
ACAC_YEAST,1413,0,0
ACAC_YEAST,1490,0,0
ACAC_YEAST,1592,0,0
ACAC_YEAST,1764,0,0
ACAC_YEAST,1802,0,0
ACAC_YEAST,1863,0,0
ACAD8_MOUSE,142,0,0
ACAD8_MOUSE,323,0,0
ACAD9_HUMAN,330,0,0
ACAD9_HUMAN,456,0,0
ACAD9_HUMAN,500,0,0
ACCC_ECOLI,106,0,0
ACCC_ECOLI,387,0,0
ACCD1_VIBPA,18,0,0
ACCD1_VIBPA,50,0,0
ACCO1_SOLLC,51,0,0
ACCO1_SOLLC,66,0,0
ACCO1_SOLLC,279,0,0
ACCO4_SOLLC,301,0,0
ACDP_MYCTU,330,0,0
ACNA_CORGL,683,0,0
ACNA_CORGL,800,0,0
ACO12_MOUSE,77,0,0
ACO12_MOUSE,146,0,0
ACON_YEAST,42,0,0
ACON_YEAST,360,0,0
ACON_YEAST,434,0,0
ACON_YEAST,624,0,0
ACOX1_MOUSE,65,0,0
ACOX1_MOUSE,122,0,0
ACOX1_MOUSE,174,0,0
ACOX1_MOUSE,313,0,0
ACOX3_MOUSE,18,0,0
ACOX3_MOUSE,120,0,0
ACOX3_MOUSE,234,0,0
ACOX3_MOUSE,265,0,0
ACOX3_MOUSE,537,0,0
ACSA_ECOLI,400,0,1
ACSA_ECOLI,555,0,0
ACSA_ECOLI,604,0,0
ACSA_MYCTU,42,0,0
ACSA_MYCTU,497,0,0
ACSA_VIBPA,14,0,0
ACSA_VIBPA,243,0,0
ACSF3_MOUSE,253,0,0
ACSF3_MOUSE,299,0,0
ACSF3_MOUSE,395,0,0
ACSF3_MOUSE,532,0,0
ACSS3_MOUSE,74,0,0
ACSS3_MOUSE,123,0,0
ACSS3_MOUSE,257,0,0
ACSS3_MOUSE,274,0,0
ACSS3_MOUSE,326,0,0
ACSS3_MOUSE,463,0,0
ACT7_ORYSJ,85,0,0
ACTN1_MOUSE,64,0,0
ACTN1_MOUSE,121,0,0
ACTN1_MOUSE,220,0,0
ACTN1_MOUSE,312,0,0
ACTN1_MOUSE,577,0,0
ACTN1_MOUSE,633,0,0
ACTN1_MOUSE,649,0,0
ACTN1_MOUSE,741,0,0
ACTN1_MOUSE,772,0,0
ACTN3_MOUSE,411,0,0
ACTN3_MOUSE,600,0,0
ACTN3_MOUSE,717,0,0
ACTN3_MOUSE,774,0,0
ACTN4_HUMAN,497,0,0
ACTN4_HUMAN,899,0,0
ACT_YEAST,191,0,0
ADCY5_RAT,460,0,0
ADCY5_RAT,703,0,0
ADCY5_RAT,815,0,0
ADCY5_RAT,860,0,0
ADCY5_RAT,984,0,0
ADCY5_RAT,1164,0,0
ADCY5_RAT,1194,0,0
ADD_VIBPA,133,0,0
ADH1_ORYSJ,57,0,0
ADH1_ORYSJ,367,0,0
ADH4_RAT,99,0,0
ADH4_RAT,300,0,0
ADH4_RAT,357,0,0
ADHB_MYCTU,94,0,0
ADK_YEAST,149,0,0
ADK_YEAST,202,0,0
AFG31_MOUSE,88,0,0
AFG31_MOUSE,125,0,0
AFG31_MOUSE,163,0,0
AFG31_MOUSE,289,0,0
AFG31_MOUSE,661,0,0
AFG31_MOUSE,679,0,0
AFG32_HUMAN,75,0,0
AGP_ECOLI,60,0,0
AGP_ECOLI,97,0,0
AGP_ECOLI,141,0,0
AGP_ECOLI,358,0,0
AGP_ECOLI,403,0,0
AHPE_MYCTU,30,0,0
AK2H_ECOLI,62,0,0
AK2H_ECOLI,416,0,0
AK2H_ECOLI,457,0,0
AK2H_ECOLI,573,0,0
AK3_ECOLI,398,0,0
AKAP9_MOUSE,33,0,0
AKAP9_MOUSE,112,0,0
AKAP9_MOUSE,443,0,0
AKAP9_MOUSE,620,0,0
AKAP9_MOUSE,656,0,0
AKAP9_MOUSE,680,0,0
AKAP9_MOUSE,806,0,0
AKAP9_MOUSE,1128,0,0
AKAP9_MOUSE,1167,0,0
AKAP9_MOUSE,1181,0,0
AKAP9_MOUSE,1294,0,0
AKAP9_MOUSE,1430,0,0
AKAP9_MOUSE,1447,0,0
AKAP9_MOUSE,1601,0,0
AKAP9_MOUSE,1661,0,0
AKAP9_MOUSE,1832,0,0
AKAP9_MOUSE,2303,0,0
AKAP9_MOUSE,2376,0,0
AKAP9_MOUSE,2841,0,0
AKAP9_MOUSE,2879,0,0
AKAP9_MOUSE,2977,0,0
AKAP9_MOUSE,3119,0,0
AKAP9_MOUSE,3144,0,0
AKAP9_MOUSE,3273,0,0
AKAP9_MOUSE,3336,0,0
AKAP9_MOUSE,3376,0,0
AKAP9_MOUSE,3590,0,0
AK_CORGL,192,0,0
AL1A1_MOUSE,179,0,0
AL1A1_MOUSE,193,0,0
AL1A1_MOUSE,241,0,0
AL1A3_HUMAN,124,0,0
AL1B1_MOUSE,40,0,0
AL9A1_HUMAN,63,0,0
ALAT2_HUMAN,132,0,0
ALAT2_HUMAN,503,0,0
ALBU_HUMAN,65,0,0
ALBU_HUMAN,347,0,0
ALDH5_YEAST,368,0,0
ALDH5_YEAST,509,0,0
ALF_ECOLI,167,0,0
ALF_ECOLI,212,0,0
ALF_ECOLI,305,0,0
ALF_MYCTU,17,0,0
ALLE_ECOLI,223,0,0
ALR1_ECOLI,34,0,0
ALR1_ECOLI,167,0,0
ALR1_ECOLI,185,0,0
ALR1_ECOLI,317,0,0
AMN_ECOLI,257,0,0
AMN_ECOLI,286,0,0
AMPA_ECOLI,12,0,0
AMPA_ECOLI,229,0,0
AMPA_MYCTU,379,0,0
AMPA_VIBPA,118,0,0
AMPA_VIBPA,243,0,0
AMPC_ECOLI,107,0,0
AMPC_ECOLI,180,0,0
AMPE_MOUSE,15,0,0
AMPE_MOUSE,81,0,0
AMPE_MOUSE,185,0,0
AMPE_MOUSE,221,0,0
AMPE_MOUSE,243,0,0
AMPE_MOUSE,424,0,0
AMPE_MOUSE,507,0,0
AMPE_MOUSE,905,0,0
AMPL2_ORYSJ,99,0,0
AMPL2_ORYSJ,190,0,0
AMPL2_ORYSJ,352,0,0
AMPP_ECOLI,202,0,0
AMRP_RAT,183,0,0
AMRP_RAT,216,0,0
AMRP_RAT,307,0,0
ANM1_HUMAN,41,0,0
ANM1_HUMAN,90,0,0
ANM1_HUMAN,209,0,0
ANM1_HUMAN,243,0,0
ANM1_HUMAN,313,0,0
ANXA2_HUMAN,266,0,0
AOFA_MOUSE,267,0,0
AOFA_MOUSE,284,0,0
AOFA_MOUSE,318,0,0
AOFA_MOUSE,341,0,0
AOFA_RAT,479,0,0
AP3B1_MOUSE,156,0,0
AP3B1_MOUSE,185,0,0
AP3B1_MOUSE,271,0,0
AP3B1_MOUSE,330,0,0
AP3B1_MOUSE,467,0,0
AP3B1_MOUSE,825,0,0
AP3B1_MOUSE,880,0,0
AP3B1_MOUSE,924,0,0
AP3B1_MOUSE,1074,0,0
APAH_ECOLI,197,0,0
APM1A_ORYSJ,187,0,0
APM1A_ORYSJ,266,0,0
APM1A_ORYSJ,510,0,0
APM1A_ORYSJ,706,0,0
ARCA_ECOLI,138,0,0
ARF3_MOUSE,59,0,0
ARF3_MOUSE,127,0,0
ARGC_ECOLI,43,0,0
ARGC_ECOLI,116,0,0
ARGD_ECOLI,131,0,0
ARGD_ECOLI,164,0,0
ARGD_MYCTU,131,0,0
AROA_ECOLI,209,0,0
AROA_ECOLI,226,0,0
AROA_ECOLI,282,0,0
AROA_ECOLI,340,0,0
AROA_ECOLI,373,0,0
AROA_ECOLI,407,0,0
AROC_ECOLI,168,0,0
AROC_ECOLI,265,0,0
AROC_YEAST,19,0,0
AROC_YEAST,162,0,0
AROC_YEAST,270,0,0
AROE_ECOLI,15,0,0
AROE_ECOLI,217,0,0
AROF_ECOLI,42,0,0
AROF_ECOLI,321,0,0
ARP2_HUMAN,97,0,0
ARP2_HUMAN,299,0,0
ARPC5_RAT,112,0,0
ARTI_ECOLI,117,0,0
ASNB_ECOLI,377,0,0
ASPA_ECOLI,88,0,0
ASPA_ECOLI,126,0,0
ASPA_ECOLI,186,0,0
ASPA_ECOLI,285,0,0
ASPA_ECOLI,342,0,0
ASPA_ECOLI,389,0,0
ASPA_ECOLI,468,0,0
ASPG1_ECOLI,163,0,0
ASPG1_ECOLI,277,0,0
ASSY_CORGL,78,0,0
ASSY_CORGL,171,0,0
ASSY_CORGL,320,0,0
ASTE_VIBPA,125,0,0
ASTE_VIBPA,147,0,0
ASTE_VIBPA,162,0,0
AT8A2_MOUSE,402,0,0
AT8A2_MOUSE,445,0,0
AT8A2_MOUSE,564,0,0
AT8A2_MOUSE,668,0,0
AT8A2_MOUSE,692,0,0
AT8A2_MOUSE,837,0,0
AT8A2_MOUSE,941,0,0
AT8A2_MOUSE,975,0,0
AT8A2_MOUSE,1019,0,0
ATP8_HUMAN,40,0,0
ATPF2_MOUSE,102,0,0
ATPF2_MOUSE,155,0,0
ATPF2_MOUSE,247,0,0
ATPG_CORGL,222,0,0
ATPG_ECOLI,202,0,0
ATPG_HUMAN,243,0,0
ATPG_VIBPA,193,0,0
ATPO_HUMAN,98,0,0
AXA2L_HUMAN,80,0,0
B2RT14_MOUSE,26,0,0
B2RT14_MOUSE,66,0,0
B2RT14_MOUSE,121,0,0
B2RT14_MOUSE,216,0,0
B2RY53_MOUSE,13,0,0
B2RY53_MOUSE,27,0,0
B2RY53_MOUSE,74,0,0
B2RY53_MOUSE,121,0,0
B2RYI2_RAT,38,0,0
B2RYI2_RAT,66,0,0
B2RYI2_RAT,95,0,0
B2RYI2_RAT,214,0,0
B2RYI2_RAT,287,0,0
B3TN44_BRADI,11,0,0
B3TN44_BRADI,98,0,0
B3TN44_BRADI,126,0,0
B3TN44_BRADI,172,0,0
B3TN53_BRADI,159,0,0
B3TN63_BRADI,64,0,0
B3TN63_BRADI,180,0,0
B3TN63_BRADI,200,0,0
BAAT_RAT,102,0,0
BACH_MOUSE,134,0,0
BACH_MOUSE,173,0,0
BACH_MOUSE,322,0,0
BCAT2_HUMAN,73,0,0
BCAT2_HUMAN,321,0,0
BCAT2_HUMAN,353,0,0
BIP_HUMAN,601,0,0
BIP_YEAST,484,0,0
BPNT1_MOUSE,97,0,0
BPNT1_MOUSE,274,0,0
BSN_MOUSE,171,0,0
BSN_MOUSE,193,0,0
BSN_MOUSE,210,0,0
BSN_MOUSE,234,0,0
BSN_MOUSE,411,0,0
BSN_MOUSE,458,0,0
BSN_MOUSE,517,0,0
BSN_MOUSE,584,0,0
BSN_MOUSE,774,0,0
BSN_MOUSE,904,0,0
BSN_MOUSE,1359,0,0
BSN_MOUSE,1457,0,0
BSN_MOUSE,1500,0,0
BSN_MOUSE,1751,0,0
BSN_MOUSE,1864,0,0
BSN_MOUSE,1911,0,0
BSN_MOUSE,1931,0,0
BSN_MOUSE,2375,0,0
BSN_MOUSE,2706,0,0
BSN_MOUSE,2828,0,0
BSN_MOUSE,3251,0,0
BSN_MOUSE,3311,0,0
BSN_MOUSE,3342,0,0
BSN_MOUSE,3563,0,0
BSN_MOUSE,3617,0,0
BSN_MOUSE,3651,0,0
BUP1_RAT,26,0,0
BUP1_RAT,153,0,0
BUP1_RAT,357,0,0
C1TM_YEAST,25,0,0
C1TM_YEAST,42,0,0
C1TM_YEAST,382,0,0
C1TM_YEAST,512,0,0
C1TM_YEAST,606,0,0
C5IU71_SOLLC,91,0,0
C5IU71_SOLLC,151,0,0
C5IU71_SOLLC,250,0,0
CACP_HUMAN,281,0,0
CACP_MOUSE,195,0,0
CAF17_MOUSE,222,0,0
CAF17_MOUSE,258,0,0
CAF17_MOUSE,278,0,0
CAH3_RAT,24,0,0
CAH3_RAT,57,0,0
CAH3_RAT,212,0,0
CALR_HUMAN,286,0,0
CALR_HUMAN,351,0,0
CALR_HUMAN,401,0,0
CALR_ORYSJ,51,0,0
CALU_RAT,24,0,0
CALU_RAT,150,0,0
CAND1_MOUSE,48,0,0
CAND1_MOUSE,303,0,0
CAND1_MOUSE,403,0,0
CAND1_MOUSE,620,0,0
CAND1_MOUSE,793,0,0
CAND1_MOUSE,858,0,0
CAND1_MOUSE,873,0,0
CAND1_MOUSE,990,0,0
CAN_ECOLI,129,0,0
CAN_ECOLI,169,0,0
CAP1_HUMAN,37,0,1
CAP1_HUMAN,121,0,0
CAP1_HUMAN,155,0,0
CAP1_HUMAN,272,0,0
CAP1_HUMAN,298,0,0
CAP1_HUMAN,355,0,0
CAP1_HUMAN,433,0,0
CAP1_RAT,99,0,0
CAPP_CORGL,63,0,0
CAPP_CORGL,357,0,0
CAPP_CORGL,607,0,0
CAPP_CORGL,847,0,0
CAPP_CORGL,893,0,0
CAPZB_MOUSE,135,0,0
CAPZB_MOUSE,168,0,0
CAPZB_MOUSE,181,0,0
CARA_ECOLI,257,0,0
CARA_MYCTU,338,0,0
CARB_ECOLI,561,0,0
CARB_ECOLI,833,0,0
CARB_ECOLI,993,0,0
CARB_VIBPA,157,0,0
CATA1_SOLLC,268,0,0
CATA1_SOLLC,339,0,0
CATA1_SOLLC,369,0,0
CATA_MOUSE,287,0,0
CAV1_MOUSE,86,0,0
CAV1_MOUSE,135,0,0
CB11_SOLLC,25,0,0
CB13_SOLLC,60,0,0
CB24_SOLLC,124,0,0
CB2G_SOLLC,37,0,0
CB4B_SOLLC,40,0,0
CBLB_HUMAN,195,0,0
CBLB_HUMAN,314,0,0
CBLB_HUMAN,374,0,0
CBLB_HUMAN,416,0,0
CBLB_HUMAN,531,0,0
CBLB_HUMAN,641,0,0
CBLB_HUMAN,730,0,0
CBL_MOUSE,51,0,0
CBL_MOUSE,830,0,0
CBL_MOUSE,883,0,0
CBR1_MOUSE,112,0,0
CBR1_MOUSE,174,0,0
CBR4_HUMAN,116,0,0
CBS_YEAST,422,0,0
CC90B_MOUSE,41,0,0
CD63_MOUSE,11,0,0
CD63_MOUSE,77,0,0
CD63_MOUSE,117,0,0
CD63_MOUSE,162,0,0
CDK1_MOUSE,106,0,0
CENPU_MOUSE,16,0,0
CENPU_MOUSE,235,0,0
CENPU_MOUSE,307,0,0
CENPU_MOUSE,354,0,0
CERU_RAT,42,0,0
CERU_RAT,82,0,0
CERU_RAT,206,0,0
CERU_RAT,306,0,0
CERU_RAT,358,0,0
CERU_RAT,436,0,0
CERU_RAT,613,0,0
CERU_RAT,704,0,0
CERU_RAT,772,0,0
CERU_RAT,896,0,0
CERU_RAT,1000,0,0
CFA52_MOUSE,31,0,0
CFA52_MOUSE,277,0,0
CFA52_MOUSE,353,0,0
CFA52_MOUSE,387,0,0
CFA52_MOUSE,452,0,0
CGL_MOUSE,318,0,0
CH10_CORGL,12,0,0
CHSE3_MYCTU,650,0,0
CISY1_YEAST,26,0,0
CISY1_YEAST,172,0,0
CISY1_YEAST,406,0,0
CISY_BOVIN,233,0,0
CISY_MOUSE,143,0,0
CISY_PIG,450,0,0
CK5P3_RAT,95,0,0
CK5P3_RAT,232,0,0
CLH_YEAST,163,0,0
CLH_YEAST,251,0,0
CLH_YEAST,449,0,0
CLH_YEAST,799,0,0
CLH_YEAST,898,0,0
CLH_YEAST,1412,0,0
CLH_YEAST,1602,0,0
CLPA_ECOLI,144,0,0
CLPB3_ORYSJ,251,0,0
CLPB_CORGL,684,0,0
CLPB_VIBPA,288,0,0
CLPC1_MYCTU,825,0,0
CLPP2_MYCTU,35,0,0
CLPX_VIBPA,397,0,0
CMAS2_MYCTU,112,0,0
CMAS2_MYCTU,236,0,0
CMAS3_MYCTU,247,0,0
CMOB_ECOLI,166,0,0
CO6A1_MOUSE,26,0,0
CO6A1_MOUSE,239,0,0
CO6A1_MOUSE,601,0,0
COAD_ECOLI,122,0,0
COPA_YEAST,289,0,0
COPA_YEAST,322,0,0
COPA_YEAST,344,0,0
COPA_YEAST,393,0,0
COPA_YEAST,635,0,0
COPA_YEAST,816,0,0
COPB_RAT,54,0,0
COPB_RAT,602,0,0
COPB_RAT,633,0,0
COPB_RAT,646,0,0
COPB_RAT,679,0,0
COPB_RAT,871,0,0
COPD_MOUSE,142,0,0
COPD_MOUSE,277,0,0
COPD_MOUSE,309,0,0
COQ9_MOUSE,51,0,0
COR1C_MOUSE,251,0,0
COR1C_MOUSE,311,0,0
COR1C_MOUSE,329,0,0
COR1C_MOUSE,452,0,0
COX2_CORGL,156,0,0
COX7C_HUMAN,40,0,0
CP11A_MOUSE,139,0,0
CP11A_MOUSE,273,0,0
CP239_MOUSE,232,0,0
CP239_MOUSE,420,0,0
CP254_MOUSE,28,0,0
CP254_MOUSE,333,0,0
CP270_RAT,52,0,0
CP270_RAT,72,0,0
CP270_RAT,196,0,0
CP270_RAT,278,0,0
CP2A1_RAT,227,0,0
CP2A1_RAT,346,0,0
CP2A4_MOUSE,60,0,0
CP2A4_MOUSE,436,0,0
CP2CB_RAT,56,0,0
CP2CC_RAT,235,0,0
CP2CN_RAT,26,0,0
CP2E1_MOUSE,24,0,0
CP2E1_MOUSE,195,0,0
CP2F2_MOUSE,207,0,0
CP4AA_RAT,33,0,0
CP4AA_RAT,267,0,0
CP4AA_RAT,467,0,0
CP4F1_RAT,217,0,0
CPSM_HUMAN,42,0,0
CPSM_HUMAN,138,0,0
CPSM_HUMAN,1309,0,0
CPXR_ECOLI,207,0,0
CSM6_MYCTU,314,0,0
CUSR_ECOLI,71,0,0
CUSR_ECOLI,154,0,0
CYS3_YEAST,37,0,0
CYSH_VIBPA,193,0,0
CYSJ_VIBPA,165,0,0
CYSJ_VIBPA,257,0,0
CYSK_ECOLI,31,0,0
CYSN_VIBPA,24,0,0
D3ZU13_RAT,181,0,0
D3ZU13_RAT,579,0,0
D3ZU13_RAT,758,0,0
D3ZU13_RAT,772,0,0
D3ZU13_RAT,828,0,0
D3ZU13_RAT,924,0,0
D3ZU13_RAT,1002,0,0
D3ZU13_RAT,1021,0,0
D3ZU13_RAT,1106,0,0
D3ZU13_RAT,1258,0,0
D3ZUY8_RAT,48,0,0
D3ZUY8_RAT,87,0,0
D3ZUY8_RAT,296,0,0
D3ZUY8_RAT,547,0,0
D4A994_RAT,147,0,0
D4A994_RAT,201,0,0
D4A994_RAT,517,0,0
D4A994_RAT,558,0,0
D4A994_RAT,799,0,0
D4A9L2_RAT,48,0,0
D4A9L2_RAT,138,0,0
D6R9Z3_HUMAN,60,0,0
D6R9Z3_HUMAN,74,0,0
DAF_HUMAN,76,0,0
DAF_HUMAN,142,0,0
DAF_HUMAN,315,0,0
DAPA_ECOLI,16,0,1
DAPF_ECOLI,252,0,0
DCDA_CORGL,185,0,0
DCDA_CORGL,319,0,0
DCUP_VIBPA,198,0,0
DCXR_MOUSE,161,0,0
DDLB_ECOLI,43,0,0
DDL_VIBPA,236,0,0
DEF1_VIBPA,161,0,0
DEOR_ECOLI,131,0,0
DEOR_ECOLI,153,0,0
DER_VIBPA,71,0,0
DER_VIBPA,415,0,0
DESP_HUMAN,94,0,0
DESP_HUMAN,308,0,0
DESP_HUMAN,366,0,0
DESP_HUMAN,545,0,0
DESP_HUMAN,578,0,0
DESP_HUMAN,607,0,0
DESP_HUMAN,663,0,0
DESP_HUMAN,705,0,0
DESP_HUMAN,981,0,0
DESP_HUMAN,1054,0,0
DESP_HUMAN,1126,0,0
DESP_HUMAN,1194,0,0
DESP_HUMAN,1209,0,0
DESP_HUMAN,1228,0,0
DESP_HUMAN,1434,0,0
DESP_HUMAN,1516,0,0
DESP_HUMAN,1627,0,0
DESP_HUMAN,1874,0,0
DESP_HUMAN,2187,0,0
DESP_HUMAN,2393,0,0
DHAR1_ORYSJ,102,0,0
DHB13_MOUSE,189,0,0
DHB13_MOUSE,254,0,0
DHB13_MOUSE,271,0,0
DHDH_MOUSE,265,0,0
DHE3_SOLLC,36,0,0
DHE3_SOLLC,127,0,0
DHE3_SOLLC,376,0,0
DHE4_CORGL,313,0,0
DHOM_CORGL,261,0,0
DHRS2_HUMAN,79,0,0
DHTK1_HUMAN,69,0,0
DHTK1_HUMAN,207,0,0
DHTK1_HUMAN,656,0,0
DHTK1_HUMAN,759,0,0
DHTK1_HUMAN,854,0,0
DHTK1_MOUSE,488,0,0
DHTK1_MOUSE,565,0,0
DHTK1_RAT,886,0,0
DLD3_YEAST,62,0,0
DLD3_YEAST,135,0,0
DLD3_YEAST,262,0,0
DLDH_ECOLI,133,0,0
DMXL1_MOUSE,164,0,0
DMXL1_MOUSE,258,0,0
DMXL1_MOUSE,686,0,0
DMXL1_MOUSE,824,0,0
DMXL1_MOUSE,864,0,0
DMXL1_MOUSE,919,0,0
DMXL1_MOUSE,1060,0,0
DMXL1_MOUSE,1168,0,0
DMXL1_MOUSE,1187,0,0
DMXL1_MOUSE,1243,0,0
DMXL1_MOUSE,1389,0,0
DMXL1_MOUSE,1593,0,0
DMXL1_MOUSE,1661,0,0
DMXL1_MOUSE,1689,0,0
DMXL1_MOUSE,1883,0,0
DMXL1_MOUSE,1962,0,0
DMXL1_MOUSE,1979,0,0
DMXL1_MOUSE,2048,0,0
DMXL1_MOUSE,2113,0,0
DMXL1_MOUSE,2377,0,0
DMXL1_MOUSE,2424,0,0
DMXL1_MOUSE,2805,0,0
DMXL1_MOUSE,2883,0,0
DMXL1_MOUSE,2918,0,0
DNAA_VIBPA,198,0,0
DNAA_VIBPA,224,0,0
DNAA_VIBPA,244,0,0
DNAC_ECOLI,195,0,0
DNAJ_VIBPA,158,0,0
DNAJ_VIBPA,211,0,0
DNAJ_VIBPA,360,0,0
DNAK_CORGL,574,0,0
DNAK_MYCTU,70,0,0
DNJA1_RAT,130,0,0
DNJA3_HUMAN,42,0,0
DNJA3_HUMAN,242,0,0
DNJA3_HUMAN,409,0,0
DNJA3_MOUSE,458,0,0
DNLJ_ECOLI,103,0,0
DNLJ_VIBPA,66,0,0
DNLJ_VIBPA,116,0,0
DNLJ_VIBPA,259,0,0
DNLJ_VIBPA,438,0,0
DPO1_MYCTU,594,0,0
DPO1_MYCTU,753,0,0
DPO3B_ECOLI,291,0,0
DPOLA_HUMAN,135,0,0
DPOLA_HUMAN,364,0,0
DPOLA_HUMAN,381,0,0
DPOLA_HUMAN,494,0,0
DPOLA_HUMAN,515,0,0
DPOLA_HUMAN,545,0,0
DPOLA_HUMAN,655,0,1
DPOLA_HUMAN,836,0,0
DPOLA_HUMAN,988,0,0
DPOLA_HUMAN,1280,0,0
DPOLA_MOUSE,592,0,0
DPOLA_MOUSE,751,0,0
DPPD_ECOLI,223,0,0
DPPD_ECOLI,314,0,0
DPYL2_MOUSE,130,0,0
DPYL2_MOUSE,368,0,0
DRC10_MOUSE,252,0,0
DRC10_MOUSE,341,0,0
DRC10_MOUSE,409,0,0
DRC10_MOUSE,422,0,0
DRG2_MOUSE,180,0,1
DRG2_MOUSE,247,0,0
DRG2_MOUSE,296,0,0
DX39A_HUMAN,221,0,0
DX39A_HUMAN,294,0,0
DX39B_RAT,241,0,0
DYR_MOUSE,64,0,0
E13A_SOLLC,32,0,0
E13B_SOLLC,101,0,0
E13B_SOLLC,299,0,0
E9PV38_MOUSE,245,0,0
E9PV38_MOUSE,447,0,0
E9PV38_MOUSE,546,0,0
E9PV95_MOUSE,85,0,0
E9PV95_MOUSE,198,0,0
E9PWH2_MOUSE,93,0,0
E9PWH2_MOUSE,175,0,0
E9PWH2_MOUSE,408,0,0
E9PWH2_MOUSE,458,0,0
E9PWH2_MOUSE,748,0,0
E9PWH2_MOUSE,772,0,0
E9PWH2_MOUSE,878,0,0
E9PWH2_MOUSE,999,0,0
E9PWH2_MOUSE,1136,0,0
E9Q4P0_MOUSE,40,0,0
E9Q4P0_MOUSE,90,0,0
E9Q4Y4_MOUSE,424,0,0
E9Q4Y4_MOUSE,531,0,0
E9Q4Y4_MOUSE,597,0,0
E9Q4Y4_MOUSE,733,0,0
E9Q4Y4_MOUSE,1420,0,0
E9Q4Y4_MOUSE,1525,0,0
E9Q4Y4_MOUSE,1659,0,0
E9Q4Y4_MOUSE,2057,0,0
E9Q4Y4_MOUSE,2126,0,0
E9Q4Y4_MOUSE,2141,0,0
E9Q4Y4_MOUSE,2179,0,0
E9Q4Y4_MOUSE,2198,0,0
E9QA57_MOUSE,334,0,0
E9QA57_MOUSE,565,0,0
E9QA57_MOUSE,583,0,0
E9QA57_MOUSE,656,0,0
E9QA57_MOUSE,740,0,0
E9QA57_MOUSE,877,0,0
E9QA57_MOUSE,948,0,0
E9QA57_MOUSE,1055,0,0
E9QA57_MOUSE,1169,0,0
ECH1_HUMAN,77,0,0
ECH1_HUMAN,95,0,0
ECHA6_MYCTU,80,0,0
ECHP_RAT,345,0,0
ECHP_RAT,514,0,0
ECHP_RAT,659,0,0
ECI2_HUMAN,41,0,0
EF1A_ORYSJ,146,0,0
EF1B_YEAST,166,0,0
EF1D1_ORYSJ,158,0,0
EF1G1_YEAST,72,0,0
EF1G1_YEAST,397,0,0
EF1G2_YEAST,29,0,0
EF1G2_YEAST,181,0,0
EF1G3_ORYSJ,366,0,0
EF3A_YEAST,265,0,0
EF3A_YEAST,668,0,1
EF3A_YEAST,750,0,0
EF3A_YEAST,805,0,0
EFGM_HUMAN,112,0,0
EFGM_HUMAN,163,0,0
EFGM_MOUSE,194,0,0
EFG_CORGL,671,0,0
ENO_ORYSJ,111,0,0
ENPL_HUMAN,135,0,0
ENPL_HUMAN,177,0,0
ENPL_HUMAN,428,0,0
ERA_VIBPA,121,0,0
ERA_VIBPA,193,0,0
EST2A_MOUSE,271,0,0
EST2C_MOUSE,113,0,0
EST2C_MOUSE,475,0,0
ETTA_ECOLI,13,0,0
EXOS9_MOUSE,114,0,0
EXOS9_MOUSE,227,0,0
EXOS9_MOUSE,244,0,0
EXOS9_MOUSE,267,0,0
F16P1_MOUSE,142,0,0
F16P1_MOUSE,314,0,0
F6RSH1_MOUSE,19,0,0
F6RSH1_MOUSE,182,0,0
F6RSH1_MOUSE,278,0,0
F6RSH1_MOUSE,312,0,0
F6RSH1_MOUSE,450,0,0
F6WPK7_MOUSE,107,0,0
F6WPK7_MOUSE,143,0,0
FABD_MOUSE,252,0,0
FABD_MOUSE,357,0,0
FABF_ECOLI,55,0,0
FABF_ECOLI,70,0,0
FABF_ECOLI,253,0,0
FABH1_VIBPA,234,0,0
FABPI_MOUSE,38,0,0
FABPL_RAT,99,0,0
FAC13_MYCTU,360,0,0
FAD1_MOUSE,229,0,0
FAD1_MOUSE,312,0,0
FAD1_MOUSE,465,0,0
FAD25_MYCTU,190,0,0
FADJ_ECOLI,578,0,0
FADJ_VIBPA,27,0,0
FADJ_VIBPA,236,0,0
FADJ_VIBPA,417,0,0
FAMT_MYCTU,279,0,0
FDH1_ORYSJ,272,0,0
FDH1_ORYSJ,315,0,0
FDH2_ORYSJ,247,0,0
FDHD_ECOLI,134,0,0
FETA_ECOLI,173,0,0
FKB10_MOUSE,382,0,0
FKB1A_MOUSE,18,0,0
FLAW_ECOLI,20,0,0
FRDA_MOUSE,149,0,0
FRDD_VIBPA,96,0,0
FRMA_ECOLI,79,0,0
FSCB_MOUSE,31,0,0
FSCB_MOUSE,994,0,0
FTSE_ECOLI,70,0,0
FTSH_ECOLI,31,0,0
FTSH_ECOLI,60,0,0
FTSH_ECOLI,575,0,0
FUMA_ECOLI,99,0,0
FUMC_CORGL,399,0,0
FUR_VIBPA,77,0,0
G3BP2_MOUSE,76,0,0
G3P_CORGL,82,0,0
G3UXT7_MOUSE,80,0,0
G6PD_ECOLI,282,0,0
G6PD_YEAST,224,0,0
G6PD_YEAST,349,0,0
G6PD_YEAST,489,0,0
G8Z261_SOLLC,104,0,0
G8Z261_SOLLC,239,0,0
G8Z261_SOLLC,295,0,0
G8Z261_SOLLC,324,0,0
GABD1_MYCTU,269,0,0
GAL1_ECOLI,101,0,0
GALM_MOUSE,249,0,0
GATB_MOUSE,174,0,0
GATB_MOUSE,319,0,0
GATB_MOUSE,420,0,0
GATM_MOUSE,152,0,0
GATM_MOUSE,201,0,0
GCST_ECOLI,155,0,0
GCY1_YEAST,149,0,0
GFPT1_HUMAN,236,0,0
GFPT1_HUMAN,619,0,0
GGLO_MOUSE,71,0,0
GGLO_MOUSE,132,0,0
GGLO_MOUSE,211,0,0
GGLO_MOUSE,294,0,0
GGLO_MOUSE,372,0,0
GGYF2_MOUSE,536,0,0
GGYF2_MOUSE,586,0,0
GGYF2_MOUSE,668,0,0
GGYF2_MOUSE,923,0,0
GGYF2_MOUSE,1078,0,0
GGYF2_MOUSE,1109,0,0
GGYF2_MOUSE,1256,0,0
GL124_ORYSJ,105,0,0
GL124_ORYSJ,171,0,0
GL82_ORYSJ,50,0,0
GLCTK_MOUSE,419,0,0
GLF_ECOLI,107,0,0
GLGB_CORGL,346,0,0
GLGB_CORGL,371,0,0
GLGB_CORGL,634,0,0
GLGB_VIBPA,143,0,0
GLGB_VIBPA,252,0,0
GLGC1_VIBPA,128,0,0
GLGC_CORGL,357,0,0
GLGC_CORGL,390,0,0
GLMM_CORGL,114,0,0
GLMM_ECOLI,367,0,0
GLMS_MYCTU,97,0,0
GLMU_VIBPA,296,0,0
GLN1A_MYCTU,119,0,0
GLN1A_MYCTU,329,0,0
GLN1A_MYCTU,424,0,0
GLO22_ECOLI,145,0,0
GLO2_MOUSE,41,0,0
GLO2_MOUSE,152,0,0
GLO2_MOUSE,170,0,0
GLOD4_MOUSE,124,0,0
GLOD4_MOUSE,183,0,0
GLPK_RAT,86,0,0
GLPK_VIBPA,203,0,0
GLPK_VIBPA,479,0,0
GLPX_ECOLI,122,0,0
GLRX1_ECOLI,23,0,0
GLRX1_MOUSE,20,0,0
GLTB_ECOLI,423,0,0
GLTD_ECOLI,58,0,0
GLTD_ECOLI,269,0,0
GLUCM_MOUSE,295,0,0
GLUCM_MOUSE,451,0,0
GLYA1_VIBPA,168,0,0
GLYA2_VIBPA,51,0,0
GLYA2_VIBPA,94,0,0
GPC1_MOUSE,42,0,0
GPC1_MOUSE,447,0,0
GPDA_VIBPA,104,0,0
GRDH_ORYSJ,167,0,0
GREB_VIBPA,25,0,0
GRPE1_MOUSE,138,0,0
GRXC6_ORYSJ,30,0,0
GSH1_ECOLI,220,0,0
GSHR_ECOLI,29,0,0
GSHR_ECOLI,392,0,0
GSHR_MOUSE,436,0,0
GSHR_YEAST,22,0,0
GSHR_YEAST,151,0,0
GSHR_YEAST,309,0,0
GUAA_VIBPA,322,0,0
GUAD_RAT,41,0,0
GUAD_RAT,133,0,0
GYRA_MYCTU,383,0,0
H1BP3_MOUSE,80,0,0
H2A1A_HUMAN,119,0,0
H7C6C4_CORGL,66,0,0
H7C6D0_CORGL,256,0,0
H7C7K2_CORGL,1066,0,0
HAOX1_MOUSE,48,0,0
HAOX1_MOUSE,135,0,0
HDAC1_ORYSJ,21,0,0
HDAC1_ORYSJ,44,0,0
HDAC1_ORYSJ,480,0,0
HEM2_ORYSJ,247,0,0
HEM2_ORYSJ,391,0,0
HEM6_MOUSE,303,0,0
HEMH_VIBPA,87,0,0
HEMH_VIBPA,185,0,0
HEMH_VIBPA,198,0,0
HEMN_ECOLI,64,0,0
HGS_HUMAN,124,0,0
HGS_HUMAN,179,0,0
HGS_HUMAN,196,0,0
HGS_HUMAN,424,0,0
HIBCH_HUMAN,30,0,0
HIBCH_HUMAN,73,0,0
HIBCH_HUMAN,133,0,0
HIBCH_HUMAN,162,0,0
HLDD_VIBPA,155,0,0
HNRPC_MOUSE,252,0,0
HRH1_MOUSE,92,0,0
HRH1_MOUSE,215,0,0
HRH1_MOUSE,393,0,0
HS24M_ORYSJ,195,0,1
HS26P_ORYSJ,142,0,0
HS71A_HUMAN,384,0,0
HSCA_VIBPA,292,0,0
HSLV_VIBPA,34,0,0
HSLV_VIBPA,64,0,0
HSP71_SOLLC,617,0,0
HSP72_MOUSE,570,0,0
HSP78_YEAST,34,0,0
HSP78_YEAST,95,0,0
HSP7F_YEAST,584,0,0
HTPG_VIBPA,540,0,0
HUTH_VIBPA,104,0,0
HUTH_VIBPA,118,0,0
HUTH_VIBPA,494,0,0
HUWE1_HUMAN,190,0,0
HUWE1_HUMAN,253,0,0
HUWE1_HUMAN,478,0,0
HUWE1_HUMAN,696,0,0
HUWE1_HUMAN,829,0,0
HUWE1_HUMAN,1147,0,0
HUWE1_HUMAN,1247,0,0
HUWE1_HUMAN,1470,0,0
HUWE1_HUMAN,1581,0,0
HUWE1_HUMAN,1693,0,0
HUWE1_HUMAN,1799,0,0
HUWE1_HUMAN,1840,0,0
HUWE1_HUMAN,1931,0,0
HUWE1_HUMAN,2725,0,0
HUWE1_HUMAN,3274,0,0
HUWE1_HUMAN,3370,0,0
HUWE1_HUMAN,3468,0,0
HUWE1_HUMAN,4236,0,0
HUWE1_HUMAN,4322,0,1
HXKB_YEAST,21,0,0
HXKB_YEAST,46,0,0
HXKB_YEAST,165,0,0
HXKB_YEAST,406,0,0
HYPDH_MOUSE,122,0,0
I1GKK8_BRADI,167,0,0
I1GLD7_BRADI,83,0,0
I1GLK0_BRADI,81,0,0
I1GLK0_BRADI,108,0,0
I1GLW6_BRADI,102,0,0
I1GMI4_BRADI,83,0,0
I1GMI4_BRADI,218,0,0
I1GMQ0_BRADI,189,0,0
I1GND5_BRADI,115,0,0
I1GNI8_BRADI,158,0,0
I1GP93_BRADI,86,0,0
I1GP93_BRADI,211,0,0
I1GP93_BRADI,339,0,0
I1GP93_BRADI,706,0,0
I1GQ82_BRADI,226,0,0
I1GQ82_BRADI,248,0,0
I1GQE9_BRADI,208,0,0
I1GQE9_BRADI,307,0,0
I1GQI0_BRADI,234,0,0
I1GRK9_BRADI,223,0,0
I1GRK9_BRADI,562,0,0
I1GRK9_BRADI,784,0,0
I1GT14_BRADI,118,0,0
I1GT14_BRADI,153,0,0
I1GT88_BRADI,47,0,0
I1GTJ6_BRADI,127,0,0
I1GU08_BRADI,157,0,1
I1GV85_BRADI,589,0,0
I1GV85_BRADI,613,0,0
I1GVG2_BRADI,101,0,0
I1GVG2_BRADI,137,0,0
I1GVG2_BRADI,404,0,0
I1GVU2_BRADI,24,0,0
I1GVU2_BRADI,308,0,0
I1GVU2_BRADI,444,0,0
I1GVU2_BRADI,457,0,0
I1GVU2_BRADI,531,0,0
I1GWH8_BRADI,95,0,0
I1GWP1_BRADI,397,0,0
I1GXN7_BRADI,132,0,0
I1GZN4_BRADI,218,0,0
I1H1V5_BRADI,468,0,0
I1H1Z5_BRADI,327,0,0
I1H225_BRADI,74,0,0
I1H2X6_BRADI,278,0,0
I1H3B2_BRADI,265,0,0
I1H3F3_BRADI,102,0,0
I1H3Y8_BRADI,32,0,0
I1H4K1_BRADI,138,0,0
I1H5D5_BRADI,51,0,0
I1H5D5_BRADI,204,0,0
I1H638_BRADI,41,0,0
I1H652_BRADI,83,0,0
I1H652_BRADI,136,0,0
I1H862_BRADI,366,0,0
I1H987_BRADI,188,0,0
I1H987_BRADI,347,0,0
I1H987_BRADI,519,0,0
I1HA44_BRADI,163,0,0
I1HDG1_BRADI,284,0,0
I1HE99_BRADI,91,0,0
I1HEN6_BRADI,224,0,0
I1HFX8_BRADI,45,0,0
I1HH23_BRADI,394,0,0
I1HJL3_BRADI,35,0,0
I1HJL3_BRADI,172,0,0
I1HJW0_BRADI,39,0,0
I1HJW0_BRADI,82,0,0
I1HJW0_BRADI,279,0,0
I1HKH5_BRADI,454,0,0
I1HMZ2_BRADI,218,0,0
I1HN82_BRADI,65,0,0
I1HP04_BRADI,57,0,0
I1HQW3_BRADI,116,0,0
I1HQW3_BRADI,977,0,0
I1HQW3_BRADI,995,0,0
I1HST7_BRADI,37,0,0
I1HTQ8_BRADI,25,0,0
I1HTT0_BRADI,44,0,0
I1HTV9_BRADI,279,0,0
I1HTV9_BRADI,409,0,0
I1HTV9_BRADI,424,0,0
I1HW30_BRADI,227,0,0
I1HWL6_BRADI,23,0,0
I1HWX2_BRADI,125,0,0
I1HXQ3_BRADI,222,0,0
I1HXX8_BRADI,55,0,0
I1HXX8_BRADI,630,0,0
I1HXX8_BRADI,643,0,0
I1HYG1_BRADI,95,0,0
I1HZ21_BRADI,448,0,0
I1HZH4_BRADI,696,0,0
I1I0Y3_BRADI,97,0,0
I1I0Y3_BRADI,147,0,0
I1I0Y3_BRADI,306,0,0
I1I0Y3_BRADI,396,0,0
I1I180_BRADI,104,0,0
I1I180_BRADI,117,0,0
I1I2B9_BRADI,53,0,0
I1I3S1_BRADI,205,0,0
I1I3X4_BRADI,117,0,0
I1I3X4_BRADI,165,0,0
I1I508_BRADI,275,0,0
I1I508_BRADI,487,0,0
I1I508_BRADI,532,0,0
I1I508_BRADI,618,0,0
I1I508_BRADI,781,0,0
I1I508_BRADI,841,0,0
I1I6Z1_BRADI,78,0,0
I1I6Z1_BRADI,258,0,0
I1I9M7_BRADI,241,0,0
I1I9M7_BRADI,323,0,0
I1IB67_BRADI,308,0,0
I1IBL9_BRADI,137,0,0
I1IBL9_BRADI,237,0,0
I1IBL9_BRADI,635,0,0
I1ICV8_BRADI,350,0,0
I1IDM0_BRADI,35,0,0
I1IDX6_BRADI,82,0,0
I1IEU3_BRADI,150,0,0
I1IEU3_BRADI,259,0,0
I1IEU3_BRADI,300,0,0
I1IIN2_BRADI,184,0,0
I1IIN2_BRADI,230,0,0
I1IIN2_BRADI,268,0,0
I1IJ13_BRADI,40,0,0
I1IJ15_BRADI,63,0,0
I1IJ15_BRADI,80,0,0
I1IJ15_BRADI,138,0,0
I1IJ15_BRADI,429,0,0
I1IKC7_BRADI,14,0,0
I1IKC7_BRADI,257,0,0
I1IS83_BRADI,52,0,0
I1IS83_BRADI,195,0,0
I1ISQ4_BRADI,173,0,0
I1IT60_BRADI,83,0,0
I1IT60_BRADI,224,0,0
I1IT60_BRADI,285,0,0
I1IVG1_BRADI,113,0,0
I1IVG1_BRADI,285,0,0
I1IX47_BRADI,799,0,0
I1IX47_BRADI,934,0,0
I6X8S7_MYCTU,429,0,0
I6Y0W5_MYCTU,38,0,0
I6Y0W5_MYCTU,371,0,0
I6Y3S9_MYCTU,152,0,0
I6Y3S9_MYCTU,195,0,0
I6Y8Y0_MYCTU,205,0,0
I6Y8Y0_MYCTU,235,0,0
I6Y8Y0_MYCTU,316,0,0
I6YG46_MYCTU,169,0,0
IBBR_ORYSJ,46,0,0
ICAL_RAT,364,0,0
IDE_HUMAN,37,0,0
IDE_HUMAN,119,0,0
IDE_HUMAN,400,0,0
IDE_HUMAN,552,0,0
IDH2_YEAST,242,0,0
IDH3B_HUMAN,374,0,0
IF2B_YEAST,237,0,0
IF2_ECOLI,415,0,0
IF4A1_HUMAN,225,0,0
IF4A_YEAST,120,0,0
ILV3_YEAST,145,0,0
ILVB1_MYCTU,31,0,0
ILVB1_MYCTU,442,0,0
ILVB_ECOLI,302,0,0
IMDH2_YEAST,61,0,0
IMDH2_YEAST,430,0,0
INT8_MOUSE,300,0,0
INT8_MOUSE,547,0,0
INT8_MOUSE,910,0,0
IPO13_RAT,221,0,0
IPO13_RAT,579,0,0
ISCS_VIBPA,391,0,0
ISOC1_MOUSE,52,0,0
ISPA_ECOLI,12,0,0
ISPF_ECOLI,104,0,0
ISPG_VIBPA,11,0,0
IVD_HUMAN,85,0,0
IVD_MOUSE,326,0,0
IVD_MOUSE,346,0,0
KAD2_HUMAN,117,0,0
KAD2_HUMAN,203,0,0
KAD2_MOUSE,85,0,0
KAD2_YEAST,75,0,0
KAD4_HUMAN,201,0,0
KAT1_MOUSE,267,0,0
KAT1_MOUSE,368,0,0
KAT1_MOUSE,391,0,0
KAT3_RAT,222,0,0
KI67_MOUSE,313,0,0
KI67_MOUSE,585,0,0
KI67_MOUSE,615,0,0
KI67_MOUSE,700,0,0
KI67_MOUSE,776,0,0
KI67_MOUSE,944,0,0
KI67_MOUSE,1034,0,0
KI67_MOUSE,1179,0,0
KI67_MOUSE,1248,0,0
KI67_MOUSE,1461,0,0
KI67_MOUSE,1479,0,0
KI67_MOUSE,1696,0,0
KI67_MOUSE,1780,0,0
KI67_MOUSE,2020,0,0
KI67_MOUSE,2344,0,0
KI67_MOUSE,2380,0,0
KI67_MOUSE,2759,0,0
KI67_MOUSE,3035,0,0
KIFC3_MOUSE,455,0,0
KIFC3_MOUSE,492,0,0
KNT1_RAT,75,0,0
KNT1_RAT,299,0,0
KNT1_RAT,329,0,0
KPRS_VIBPA,262,0,0
KPYC2_ORYSJ,513,0,0
KPYK1_YEAST,204,0,0
KPYK1_YEAST,486,0,0
KPYK2_ECOLI,377,0,0
LAG3_RAT,176,0,0
LAG3_RAT,252,0,0
LAP2A_HUMAN,416,0,0
LASP1_MOUSE,17,0,0
LASP1_MOUSE,189,0,0
LDCA_ECOLI,191,0,0
LDHD_MOUSE,292,0,0
LEA17_ORYSJ,160,0,1
LEUD_CORGL,61,0,0
LGUL_MOUSE,43,0,1
LGUL_ORYSJ,204,0,0
LON_ECOLI,235,0,0
LON_VIBPA,620,0,0
LPXD_VIBPA,153,0,0
LPXD_VIBPA,194,0,0
LRC59_MOUSE,219,0,0
LUXS_VIBPA,113,0,0
LZTR1_MOUSE,163,0,0
LZTR1_MOUSE,236,0,0
LZTR1_MOUSE,258,0,0
LZTR1_MOUSE,592,0,0
LZTR1_MOUSE,612,0,0
LZTR1_MOUSE,758,0,0
LZTS2_MOUSE,280,0,0
LZTS2_MOUSE,617,0,0
M2GD_RAT,554,0,0
MANA_ECOLI,16,0,0
MANA_ECOLI,102,0,0
MAO1_ECOLI,354,0,0
MAO1_VIBPA,324,0,0
MAON_MOUSE,106,0,0
MAON_MOUSE,208,0,0
MAP12_MYCTU,98,0,0
MARK3_MOUSE,126,0,0
MARK3_MOUSE,285,0,0
MARK3_MOUSE,303,0,0
MARK3_MOUSE,404,0,0
MARK3_MOUSE,434,0,0
MARK3_MOUSE,654,0,0
MARK3_MOUSE,719,0,0
MATR3_MOUSE,769,0,0
MATR3_MOUSE,816,0,0
MBB1A_MOUSE,124,0,0
MBB1A_MOUSE,448,0,0
MBB1A_MOUSE,606,0,0
MBB1A_MOUSE,1297,0,0
MBD2_MOUSE,261,0,0
MBD2_MOUSE,288,0,0
MCCA_MOUSE,446,0,0
MCFD2_RAT,101,0,0
MCM2_HUMAN,348,0,0
MCM2_HUMAN,816,0,0
MCM5_HUMAN,206,0,0
MCM5_HUMAN,625,0,0
MCM7_HUMAN,231,0,0
MCM7_HUMAN,569,0,0
MCM7_HUMAN,596,0,0
MCUB_HUMAN,280,0,0
MECR_HUMAN,248,0,1
MECR_HUMAN,290,0,0
MENB_ECOLI,120,0,0
MENB_ECOLI,193,0,0
MENB_ECOLI,212,0,0
MENB_ECOLI,273,0,0
METE_CORGL,716,0,0
METH_ECOLI,437,0,0
METH_ECOLI,845,0,0
METH_ECOLI,1109,0,0
MFD_ECOLI,690,0,0
MFD_ECOLI,920,0,0
MFD_ECOLI,1106,0,0
MIC19_HUMAN,189,0,0
MIC19_HUMAN,203,0,0
MMAA4_MYCTU,13,0,0
MMAA4_MYCTU,161,0,0
MMAB_HUMAN,65,0,0
MNMG_ECOLI,481,0,0
MNMG_VIBPA,232,0,0
MNP1_YEAST,77,0,0
MOR2B_MOUSE,261,0,0
MOR2B_MOUSE,392,0,0
MOR2B_MOUSE,427,0,0
MOR2B_MOUSE,463,0,0
MOR2B_MOUSE,504,0,0
MOR2B_MOUSE,604,0,0
MOT1_RAT,413,0,0
MPPA_ECOLI,191,0,0
MPPA_ECOLI,301,0,0
MRP1_HUMAN,31,0,0
MRP1_HUMAN,332,0,0
MRP1_HUMAN,1078,0,0
MRP1_HUMAN,1092,0,0
MRP1_MOUSE,345,0,0
MRP1_MOUSE,637,0,0
MRP3_MOUSE,896,0,0
MRP3_MOUSE,919,0,0
MRP3_MOUSE,951,0,0
MRP3_MOUSE,1048,0,0
MRP3_MOUSE,1261,0,0
MSHD_CORGL,63,0,0
MSRA_MOUSE,212,0,0
MSRA_MYCTU,81,0,0
MTHFS_MOUSE,76,0,0
MTRA_MYCTU,144,0,1
MUG1_RAT,682,0,0
MUG1_RAT,973,0,0
MUKB_VIBPA,804,0,0
MUKB_VIBPA,1009,0,0
MUKB_VIBPA,1246,0,0
MURB_VIBPA,168,0,0
MURD_ECOLI,46,0,0
MURE_CORGL,231,0,0
MURE_CORGL,398,0,0
MURE_ECOLI,225,0,0
MYH14_MOUSE,300,0,0
MYH14_MOUSE,585,0,0
MYH1_MOUSE,545,0,0
MYH1_MOUSE,618,0,0
MYH1_MOUSE,832,0,0
MYH1_MOUSE,1905,0,0
MYH7B_MOUSE,32,0,0
MYH7B_MOUSE,66,0,0
MYH7B_MOUSE,354,0,0
MYH7B_MOUSE,574,0,0
NACA_YEAST,100,0,0
NAGB_ECOLI,64,0,0
NAGK_VIBPA,181,0,0
NAGZ_ECOLI,159,0,0
NAGZ_ECOLI,205,0,0
NAPA_VIBPA,367,0,0
NAPA_VIBPA,558,0,0
NCPR_RAT,100,0,0
NCPR_RAT,176,0,0
NCPR_RAT,463,0,0
NDH1_YEAST,50,0,0
NDH1_YEAST,528,0,0
NDUS2_MOUSE,383,0,0
NDUS2_MOUSE,423,0,0
NEUL_HUMAN,253,0,0
NEUL_HUMAN,273,0,0
NEUL_HUMAN,416,0,1
NEUL_HUMAN,652,0,0
NFS1_HUMAN,212,0,0
NFS1_HUMAN,324,0,0
NIRB_ECOLI,525,0,0
NOP56_YEAST,162,0,0
NOP56_YEAST,382,0,0
NQO2_MOUSE,91,0,0
NQO2_MOUSE,114,0,0
NQRA_VIBPA,162,0,0
NRDC_MOUSE,220,0,0
NRDC_MOUSE,1092,0,0
NRDD_ECOLI,570,0,0
NRDD_ECOLI,664,0,0
NT5C_HUMAN,104,0,0
NUCB2_RAT,386,0,0
NUD12_MOUSE,142,0,0
NUD12_MOUSE,241,0,0
NUD12_MOUSE,336,0,0
NUD12_MOUSE,378,0,0
NUD19_MOUSE,340,0,0
NUDI_ECOLI,106,0,0
NUOD_MYCTU,323,0,0
NUOE_ECOLI,139,0,0
NUSG_ECOLI,155,0,0
NUSG_VIBPA,31,0,0
O06144_MYCTU,120,0,0
O06302_MYCTU,115,0,0
O53514_MYCTU,228,0,0
O53670_MYCTU,308,0,0
O70185_RAT,321,0,0
O82575_SOLLC,100,0,0
OAT_MOUSE,49,0,0
OBG_VIBPA,322,0,0
OCTC_MOUSE,167,0,0
OCTC_MOUSE,501,0,0
ODO1_ECOLI,867,0,0
ODO1_HUMAN,237,0,0
ODO1_HUMAN,488,0,0
ODO1_MOUSE,21,0,0
ODO1_MOUSE,171,0,0
ODO1_YEAST,82,0,1
ODO1_YEAST,491,0,0
ODO1_YEAST,505,0,0
ODO2_HUMAN,47,0,0
ODP1_CORGL,328,0,0
ODP1_CORGL,564,0,0
ODP1_MYCTU,321,0,1
ODP1_MYCTU,375,0,0
ODPA_HUMAN,215,0,0
ODPB_HUMAN,258,0,0
ODPX_HUMAN,145,0,0
ODPX_MOUSE,112,0,0
OPGG_ECOLI,413,0,0
OPPF_ECOLI,150,0,0
ORNT1_MOUSE,145,0,0
OST1_YEAST,56,0,0
OST1_YEAST,418,0,0
OTSA_ECOLI,217,0,0
OTSA_ECOLI,290,0,0
OTSA_ECOLI,452,0,0
P4HA1_MOUSE,260,0,0
P4HA1_MOUSE,320,0,0
P4HA1_MOUSE,334,0,0
P4HA1_MOUSE,382,0,0
P4HA2_MOUSE,146,0,0
P4HA2_MOUSE,513,0,0
P5CR_ECOLI,78,0,0
P96404_MYCTU,100,0,0
P96808_MYCTU,187,0,0
P96824_MYCTU,120,0,0
PABP_YEAST,224,0,0
PABP_YEAST,469,0,0
PAFA_MYCTU,332,0,0
PAK3_MOUSE,321,0,0
PARP3_ORYSJ,42,0,0
PARP3_ORYSJ,438,0,0
PARP3_ORYSJ,478,0,0
PARP3_ORYSJ,544,0,0
PCKA_VIBPA,240,0,0
PDI11_ORYSJ,271,0,0
PDI11_ORYSJ,295,0,0
PDI21_ORYSJ,142,0,0
PDI21_ORYSJ,255,0,0
PDIA1_HUMAN,254,0,0
PDIA1_HUMAN,271,0,0
PDIA3_HUMAN,332,0,0
PDIA3_RAT,288,0,0
PDK1_MOUSE,212,0,0
PDK1_MOUSE,293,0,0
PDK1_MOUSE,410,0,1
PDK2_MOUSE,209,0,0
PDPR_HUMAN,317,0,0
PDPR_HUMAN,483,0,0
PDPR_HUMAN,603,0,0
PDXA_VIBPA,277,0,0
PDXH_ECOLI,117,0,0
PDXH_MYCTU,98,0,0
PDXH_VIBPA,177,0,0
PFKA2_YEAST,438,0,0
PFKA2_YEAST,745,0,0
PFKA_CORGL,207,0,0
PFKA_MYCTU,226,0,0
PFKB_ECOLI,265,0,0
PHSG_ECOLI,556,0,0
PHSM_ECOLI,733,0,0
PININ_MOUSE,653,0,0
PIPNA_MOUSE,61,0,0
PIPNA_MOUSE,87,0,0
PIPNA_MOUSE,186,0,0
PIPNA_MOUSE,252,0,0
PLAP_MOUSE,449,0,0
PLAP_MOUSE,529,0,0
PLAP_MOUSE,634,0,0
PLAP_MOUSE,721,0,0
PLDA1_ORYSJ,168,0,0
PLDA1_ORYSJ,399,0,0
PLDA1_ORYSJ,665,0,0
PLDA1_ORYSJ,802,0,0
PLEC_MOUSE,864,0,0
PLEC_MOUSE,1418,0,0
PLEC_MOUSE,1726,0,0
PLEC_MOUSE,2714,0,0
PLEC_MOUSE,2937,0,1
PLOD2_MOUSE,67,0,0
PLOD2_MOUSE,259,0,0
PLOD2_MOUSE,470,0,0
PLOD2_MOUSE,551,0,0
PLOD3_MOUSE,503,0,0
PLOD3_MOUSE,648,0,0
PLPL8_MOUSE,53,0,0
PLPL8_MOUSE,518,0,0
PLPL8_MOUSE,594,0,0
PLSB_VIBPA,488,0,0
PLSL_MOUSE,132,0,0
PLSL_MOUSE,294,0,0
PLST_MOUSE,459,0,0
PLST_MOUSE,582,0,0
PMEU1_SOLLC,16,0,0
PMEU1_SOLLC,213,0,0
PMEU1_SOLLC,375,0,0
PMEU1_SOLLC,492,0,0
PMS1_HUMAN,156,0,0
PMS1_HUMAN,200,0,0
PMS1_HUMAN,270,0,0
PMS1_HUMAN,401,0,0
PMS1_HUMAN,527,0,0
PMS1_HUMAN,913,0,0
PNP_VIBPA,109,0,0
POTA_VIBPA,15,0,0
POTD_ECOLI,117,0,0
PPA6_MOUSE,343,0,0
PPA6_MOUSE,362,0,0
PPB_ECOLI,136,0,0
PPID_MOUSE,235,0,0
PPID_MOUSE,248,0,0
PPID_MOUSE,283,0,0
PPK1_VIBPA,163,0,0
PPK1_VIBPA,189,0,0
PPK1_VIBPA,320,0,0
PPOE_SOLLC,48,0,0
PPOE_SOLLC,134,0,0
PPOE_SOLLC,173,0,0
PPOE_SOLLC,188,0,0
PPOE_SOLLC,237,0,0
PPOE_SOLLC,379,0,0
PPOE_SOLLC,406,0,0
PPOF_SOLLC,105,0,0
PROA_ECOLI,15,0,0
PROA_ECOLI,406,0,0
PROA_VIBPA,208,0,0
PROA_VIBPA,291,0,0
PROA_YEAST,160,0,0
PRPC2_CORGL,146,0,0
PRPD2_CORGL,24,0,0
PRPD2_CORGL,165,0,0
PRPD2_CORGL,389,0,0
PRR11_MOUSE,148,0,0
PRR11_MOUSE,344,0,0
PRS4_MOUSE,413,0,0
PSA2_ORYSJ,92,0,0
PSA7_HUMAN,115,0,0
PSAA_SOLLC,564,0,0
PSAA_SOLLC,611,0,0
PSAC_SOLLC,52,0,0
PSA_HUMAN,558,0,0
PSA_HUMAN,765,0,0
PSA_HUMAN,829,0,0
PSBC_BRADI,152,0,0
PSBC_BRADI,255,0,0
PSTB_ECOLI,99,0,0
PSTB_ECOLI,245,0,0
PT1_ECOLI,534,0,0
PTGCB_ECOLI,91,0,0
PTGCB_ECOLI,279,0,0
PTGCB_ECOLI,467,0,0
PTHB1_MOUSE,17,0,0
PTHB1_MOUSE,102,0,0
PTHB1_MOUSE,231,0,0
PTHB1_MOUSE,321,0,0
PTHB1_MOUSE,866,0,0
PTN23_MOUSE,70,0,0
PTN23_MOUSE,244,0,0
PTN23_MOUSE,258,0,0
PTN23_MOUSE,936,0,0
PUR5_VIBPA,286,0,0
PUR7_VIBPA,241,0,0
PUR9_MYCTU,425,0,0
PUR9_VIBPA,374,0,0
PURA_MOUSE,265,0,0
PURA_VIBPA,214,0,0
PURL_CORGL,62,0,0
PURL_CORGL,530,0,0
PYC1_YEAST,412,0,0
PYC1_YEAST,845,0,0
PYC1_YEAST,1092,0,0
PYC_HUMAN,194,0,0
PYR1_MOUSE,841,0,0
PYRG_ECOLI,83,0,0
PYRG_VIBPA,222,0,0
Q0DIY4_ORYSJ,82,0,0
Q0DLY4_ORYSJ,134,0,0
Q0J5H3_ORYSJ,22,0,0
Q0JCS2_ORYSJ,87,0,0
Q0JCX3_ORYSJ,91,0,0
Q0JDK3_ORYSJ,155,0,0
Q0JJ42_ORYSJ,98,0,0
Q10P35_ORYSJ,314,0,0
Q2QNF3_ORYSJ,188,0,0
Q2R1T0_ORYSJ,201,0,0
Q2R1T0_ORYSJ,368,0,0
Q2R223_ORYSJ,85,0,0
Q3U2G2_MOUSE,640,0,0
Q3UGA5_MOUSE,76,0,0
Q3UH59_MOUSE,399,0,0
Q3V3C7_MOUSE,29,0,0
Q49B52_SOLLC,11,0,0
Q49B52_SOLLC,372,0,0
Q5JKU5_ORYSJ,87,0,0
Q5JKW5_ORYSJ,270,0,0
Q5M8M8_MOUSE,15,0,0
Q5NBN5_ORYSJ,209,0,0
Q5NE20_SOLLC,67,0,0
Q5NE20_SOLLC,267,0,0
Q5RKG9_RAT,480,0,0
Q5VMT5_ORYSJ,210,0,0
Q5VMT5_ORYSJ,395,0,0
Q5VMT5_ORYSJ,788,0,0
Q5VMT5_ORYSJ,1063,0,0
Q5VMT5_ORYSJ,1240,0,0
Q5VNV1_ORYSJ,156,0,0
Q655W2_ORYSJ,79,0,0
Q655W2_ORYSJ,156,0,0
Q69S66_ORYSJ,56,0,0
Q69S66_ORYSJ,178,0,1
Q69S66_ORYSJ,314,0,0
Q69S66_ORYSJ,491,0,0
Q69S66_ORYSJ,507,0,0
Q69S66_ORYSJ,631,0,0
Q69S66_ORYSJ,963,0,0
Q69UF2_ORYSJ,162,0,0
Q6ASR1_ORYSJ,184,0,0
Q6ASR1_ORYSJ,504,0,0
Q6AYD5_RAT,585,0,0
Q6EPN3_ORYSJ,46,0,0
Q6H713_ORYSJ,19,0,0
Q6K4T1_ORYSJ,73,0,0
Q6K5H9_ORYSJ,268,0,0
Q6K5H9_ORYSJ,311,0,0
Q6UKZ0_MOUSE,205,0,0
Q6UKZ0_MOUSE,356,0,0
Q6UKZ0_MOUSE,371,0,0
Q6XLQ8_MOUSE,161,0,0
Q6YU81_ORYSJ,142,0,0
Q6YU81_ORYSJ,216,0,0
Q6YU81_ORYSJ,334,0,0
Q6YVI0_ORYSJ,81,0,0
Q6Z0G0_ORYSJ,48,0,0
Q75GU1_ORYSJ,75,0,0
Q79VD6_CORGL,118,0,0
Q79VD6_CORGL,149,0,0
Q79VE5_CORGL,91,0,0
Q79VE5_CORGL,246,0,0
Q79VG1_CORGL,272,0,0
Q79YZ2_VIBPA,195,0,0
Q7TP05_RAT,255,0,0
Q7TP05_RAT,448,0,0
Q7TP05_RAT,690,0,0
Q7TP05_RAT,844,0,0
Q7TP05_RAT,968,0,0
Q7X8U6_ORYSJ,153,0,0
Q7XIH2_ORYSJ,404,0,0
Q7XIH2_ORYSJ,529,0,0
Q7XIH2_ORYSJ,613,0,0
Q7XV86_ORYSJ,52,0,0
Q80VN4_MOUSE,628,0,0
Q80X81_MOUSE,124,0,0
Q87FC7_VIBPA,42,0,0
Q87FC7_VIBPA,72,0,0
Q87FF3_VIBPA,50,0,0
Q87FF3_VIBPA,181,0,0
Q87FF3_VIBPA,432,0,0
Q87FN4_VIBPA,104,0,0
Q87FN4_VIBPA,197,0,0
Q87FN4_VIBPA,374,0,0
Q87FN4_VIBPA,513,0,0
Q87FQ9_VIBPA,137,0,0
Q87FQ9_VIBPA,354,0,0
Q87FY5_VIBPA,226,0,0
Q87G24_VIBPA,667,0,0
Q87G49_VIBPA,399,0,0
Q87GT5_VIBPA,95,0,0
Q87GX9_VIBPA,104,0,0
Q87GX9_VIBPA,118,0,0
Q87GX9_VIBPA,180,0,0
Q87HU8_VIBPA,46,0,0
Q87HV5_VIBPA,376,0,0
Q87HW1_VIBPA,223,0,0
Q87I01_VIBPA,38,0,0
Q87I60_VIBPA,95,0,0
Q87IT4_VIBPA,85,0,0
Q87J37_VIBPA,87,0,0
Q87J37_VIBPA,213,0,0
Q87J42_VIBPA,79,0,0
Q87J42_VIBPA,182,0,0
Q87J42_VIBPA,347,0,0
Q87J74_VIBPA,114,0,0
Q87J81_VIBPA,264,0,0
Q87J81_VIBPA,312,0,0
Q87JX9_VIBPA,138,0,0
Q87JY6_VIBPA,21,0,0
Q87JY6_VIBPA,197,0,0
Q87JY6_VIBPA,517,0,0
Q87K59_VIBPA,54,0,0
Q87KF6_VIBPA,163,0,0
Q87KK2_VIBPA,124,0,0
Q87KT6_VIBPA,177,0,0
Q87KT6_VIBPA,386,0,0
Q87KT6_VIBPA,477,0,0
Q87KW2_VIBPA,172,0,0
Q87KY4_VIBPA,107,0,0
Q87L18_VIBPA,250,0,0
Q87L18_VIBPA,516,0,0
Q87L21_VIBPA,280,0,0
Q87L38_VIBPA,71,0,0
Q87L39_VIBPA,154,0,0
Q87LI1_VIBPA,207,0,0
Q87LJ5_VIBPA,91,0,0
Q87LJ6_VIBPA,21,0,0
Q87LP7_VIBPA,369,0,0
Q87LS7_VIBPA,436,0,0
Q87LY0_VIBPA,11,0,0
Q87LY0_VIBPA,145,0,0
Q87LY0_VIBPA,1052,0,0
Q87M70_VIBPA,186,0,0
Q87MD7_VIBPA,84,0,0
Q87MG8_VIBPA,139,0,0
Q87MG8_VIBPA,241,0,0
Q87MJ3_VIBPA,61,0,0
Q87MQ2_VIBPA,161,0,0
Q87MS1_VIBPA,46,0,0
Q87MS3_VIBPA,172,0,0
Q87MX2_VIBPA,510,0,0
Q87N61_VIBPA,382,0,0
Q87N61_VIBPA,834,0,0
Q87NC7_VIBPA,213,0,0
Q87NC7_VIBPA,233,0,0
Q87ND6_VIBPA,245,0,0
Q87ND6_VIBPA,549,0,0
Q87NG8_VIBPA,22,0,0
Q87NJ9_VIBPA,255,0,0
Q87PA4_VIBPA,169,0,0
Q87PB5_VIBPA,70,0,0
Q87PB5_VIBPA,423,0,0
Q87PB5_VIBPA,1513,0,0
Q87PC2_VIBPA,304,0,0
Q87PC2_VIBPA,332,0,0
Q87PF8_VIBPA,155,0,0
Q87PJ7_VIBPA,161,0,0
Q87PJ7_VIBPA,455,0,0
Q87PS1_VIBPA,128,0,0
Q87Q24_VIBPA,331,0,0
Q87Q78_VIBPA,140,0,0
Q87Q96_VIBPA,72,0,0
Q87Q96_VIBPA,119,0,0
Q87Q96_VIBPA,229,0,0
Q87QB3_VIBPA,153,0,0
Q87QG7_VIBPA,122,0,0
Q87QI3_VIBPA,23,0,0
Q87QI4_VIBPA,289,0,0
Q87QL8_VIBPA,63,0,0
Q87QR9_VIBPA,259,0,0
Q87QU5_VIBPA,256,0,0
Q87QW7_VIBPA,213,0,0
Q87QX7_VIBPA,594,0,0
Q87QX7_VIBPA,664,0,0
Q87QX7_VIBPA,684,0,0
Q87QY4_VIBPA,458,0,0
Q87R13_VIBPA,282,0,0
Q87R42_VIBPA,325,0,0
Q87R48_VIBPA,36,0,0
Q87R53_VIBPA,70,0,0
Q87R67_VIBPA,28,0,0
Q87RB5_VIBPA,196,0,0
Q87RC7_VIBPA,35,0,0
Q87RF8_VIBPA,39,0,0
Q87RF8_VIBPA,374,0,0
Q87RH0_VIBPA,260,0,0
Q87RK0_VIBPA,97,0,0
Q87RM8_VIBPA,95,0,0
Q87RM8_VIBPA,245,0,0
Q87RM8_VIBPA,297,0,0
Q87RM8_VIBPA,339,0,0
Q87RP0_VIBPA,308,0,1
Q87RR6_VIBPA,123,0,0
Q87RR6_VIBPA,247,0,0
Q87RR6_VIBPA,413,0,0
Q87RR6_VIBPA,428,0,0
Q87RR6_VIBPA,501,0,0
Q87RV5_VIBPA,87,0,1
Q87S57_VIBPA,66,0,0
Q87S57_VIBPA,79,0,0
Q87S69_VIBPA,290,0,0
Q87SB2_VIBPA,177,0,0
Q87SB2_VIBPA,209,0,0
Q87SC3_VIBPA,175,0,0
Q87SI1_VIBPA,20,0,0
Q87SJ3_VIBPA,384,0,0
Q87SL8_VIBPA,585,0,0
Q87SQ7_VIBPA,142,0,0
Q87SQ8_VIBPA,199,0,0
Q87SQ9_VIBPA,262,0,0
Q87SS0_VIBPA,484,0,0
Q87SS1_VIBPA,243,0,0
Q87SS1_VIBPA,285,0,0
Q87SS1_VIBPA,316,0,0
Q87SS1_VIBPA,586,0,0
Q87SV0_VIBPA,204,0,0
Q87SY2_VIBPA,309,0,0
Q87SY2_VIBPA,456,0,0
Q87SY2_VIBPA,470,0,0
Q87SY2_VIBPA,516,0,0
Q87T18_VIBPA,114,0,0
Q87T18_VIBPA,136,0,0
Q87T34_VIBPA,42,0,0
Q87T57_VIBPA,11,0,0
Q87T57_VIBPA,178,0,0
Q87T57_VIBPA,293,0,0
Q87T94_VIBPA,14,0,0
Q87TF4_VIBPA,407,0,0
Q87TJ9_VIBPA,252,0,0
Q87TK1_VIBPA,81,0,0
Q87TK6_VIBPA,120,0,0
Q87TM1_VIBPA,287,0,0
Q8BS30_MOUSE,241,0,0
Q8CCB2_MOUSE,31,0,0
Q8H8U2_ORYSJ,246,0,0
Q8H8U2_ORYSJ,286,0,0
Q8LQ33_ORYSJ,316,0,0
Q8LQ33_ORYSJ,395,0,0
Q8LQ33_ORYSJ,508,0,0
Q8NLN6_CORGL,39,0,0
Q8NM28_CORGL,262,0,0
Q8NM54_CORGL,26,0,0
Q8NM70_CORGL,348,0,0
Q8NM99_CORGL,381,0,0
Q8NMK4_CORGL,174,0,0
Q8NMY7_CORGL,575,0,0
Q8NNG7_CORGL,137,0,0
Q8NNG9_CORGL,164,0,0
Q8NNG9_CORGL,357,0,0
Q8NNH1_CORGL,50,0,0
Q8NNQ4_CORGL,11,0,0
Q8NNV4_CORGL,200,0,0
Q8NPA4_CORGL,222,0,0
Q8NQK8_CORGL,79,0,0
Q8NQR5_CORGL,375,0,0
Q8NRQ9_CORGL,65,0,0
Q8NRU5_CORGL,179,0,0
Q8NS04_CORGL,247,0,0
Q8NS37_CORGL,220,0,0
Q8NS46_CORGL,777,0,0
Q8NS46_CORGL,1408,0,0
Q8NS59_CORGL,55,0,0
Q8NS59_CORGL,77,0,0
Q8NTD5_CORGL,79,0,0
Q8NTD6_CORGL,279,0,0
Q8NTF5_CORGL,278,0,0
Q8NTG7_CORGL,457,0,0
Q8NTW5_CORGL,614,0,0
Q8NTZ7_CORGL,363,0,0
Q8NTZ7_CORGL,634,0,0
Q8NUD3_CORGL,334,0,0
Q8S7U3_ORYSJ,381,0,0
Q8VCQ8_MOUSE,411,0,0
Q91W19_MOUSE,180,0,0
Q91Z25_MOUSE,135,0,0
Q94J20_ORYSJ,51,0,0
Q9AUQ4_ORYSJ,259,0,0
Q9AX20_ORYSJ,117,0,0
Q9R1G6_MOUSE,67,0,0
Q9R1G6_MOUSE,145,0,0
Q9R1G6_MOUSE,161,0,0
Q9R1G6_MOUSE,207,0,0
QCRA_CORGL,331,0,0
QOR1_ECOLI,139,0,1
QUEC_ECOLI,193,0,0
RAGP1_MOUSE,80,0,0
RANG_HUMAN,167,0,0
RAPA_VIBPA,114,0,0
RAPA_VIBPA,141,0,0
RAPA_VIBPA,398,0,0
RB11B_MOUSE,41,0,0
RBL_BRADI,81,0,0
RBM10_MOUSE,201,0,0
RBM10_MOUSE,337,0,0
RBM10_MOUSE,872,0,0
RBM10_MOUSE,920,0,0
RCN3_MOUSE,21,0,0
RDH7_MOUSE,30,0,0
RDH7_MOUSE,287,0,0
RDH7_RAT,180,0,0
RELA_CORGL,166,0,0
REPS1_MOUSE,180,0,0
REPS1_MOUSE,280,0,0
REPS1_MOUSE,400,0,0
RHLB_ECOLI,266,0,0
RIR1_MYCTU,547,0,0
RIR1_MYCTU,581,0,0
RL14A_YEAST,102,0,1
RL21_ECOLI,85,0,0
RL24_MYCTU,93,0,0
RL25_CORGL,78,0,0
RL28_MOUSE,65,0,0
RL2A_YEAST,145,0,0
RL32_HUMAN,30,0,0
RL37_RAT,14,0,0
RL3_CORGL,184,0,0
RLMF_ECOLI,241,0,0
RLMF_VIBPA,324,0,0
RLMG_VIBPA,67,0,0
RLMI_VIBPA,221,0,1
RLMKL_ECOLI,145,0,0
RLMKL_ECOLI,623,0,0
RLMKL_VIBPA,38,0,0
RLMKL_VIBPA,363,0,0
RLMKL_VIBPA,695,0,0
RLUD_VIBPA,58,0,0
RMD1_MOUSE,77,0,0
RNB_VIBPA,41,0,0
ROA1_HUMAN,329,0,0
ROA2_RAT,173,0,0
RPB2_MOUSE,146,0,0
RPB2_MOUSE,360,0,0
RPB2_MOUSE,632,0,0
RPB2_MOUSE,756,0,0
RPB2_MOUSE,942,0,0
RPN3_YEAST,278,0,0
RPOC_CORGL,228,0,0
RPOC_MYCTU,473,0,0
RPPH_VIBPA,26,0,0
RRN3_MOUSE,294,0,0
RRN3_MOUSE,501,0,0
RRN3_MOUSE,517,0,0
RRN3_MOUSE,595,0,0
RRP5_YEAST,1230,0,0
RRP5_YEAST,1361,0,0
RS18_RAT,34,0,0
RS29_MOUSE,13,0,1
RS9A_YEAST,138,0,0
RS9_ECOLI,13,0,0
RSMC_ECOLI,86,0,0
RTN4_HUMAN,247,0,0
RTN4_HUMAN,388,0,0
RTN4_HUMAN,436,0,0
RTN4_HUMAN,768,0,0
RTN4_HUMAN,1058,0,0
RUVB2_MOUSE,223,0,0
S27A2_MOUSE,126,0,0
S27A2_MOUSE,141,0,0
S27A2_RAT,65,0,0
S27A2_RAT,325,0,0
SAC1_RAT,80,0,0
SAC1_RAT,342,0,0
SAC1_RAT,435,0,0
SAHH_HUMAN,291,0,0
SEC24_YEAST,397,0,0
SEC24_YEAST,484,0,0
SET_MOUSE,89,0,0
SGK3_MOUSE,235,0,0
SIR3_MOUSE,125,0,0
SIS1_YEAST,247,0,0
SMHD1_HUMAN,314,0,0
SMHD1_HUMAN,358,0,0
SMHD1_HUMAN,759,0,0
SMHD1_HUMAN,777,0,0
SMHD1_HUMAN,1232,0,0
SMHD1_HUMAN,1299,0,0
SMHD1_MOUSE,291,0,0
SMHD1_MOUSE,891,0,0
SMHD1_MOUSE,1323,0,0
SMHD1_MOUSE,1414,0,0
SMHD1_MOUSE,1457,0,0
SO1A1_RAT,471,0,0
SO1A1_RAT,582,0,0
SO1A1_RAT,625,0,0
SO1A1_RAT,647,0,0
SODM_ECOLI,21,0,0
SPEB_ECOLI,192,0,0
SPESP_MOUSE,217,0,0
SPG7_MOUSE,111,0,0
SPP2_ORYSJ,345,0,0
SSDH_HUMAN,332,0,0
ST1B1_RAT,30,0,0
ST1B1_RAT,48,0,0
ST1D1_MOUSE,147,0,0
STA10_MOUSE,126,0,0
STIP1_HUMAN,462,0,0
SUBI_ECOLI,173,0,0
SUCB1_MOUSE,302,0,0
SUS4_ORYSJ,440,0,0
SUS4_ORYSJ,488,0,0
SUV3_HUMAN,201,0,0
SUV3_HUMAN,555,0,0
SUV3_HUMAN,774,0,0
SYAC_HUMAN,641,0,0
SYAC_RAT,19,0,0
SYA_VIBPA,162,0,0
SYA_VIBPA,464,0,0
SYA_YEAST,33,0,0
SYA_YEAST,485,0,0
SYA_YEAST,751,0,0
SYC_ECOLI,215,0,0
SYC_VIBPA,249,0,0
SYDM_HUMAN,309,0,0
SYDND_CORGL,312,0,0
SYEC_YEAST,586,0,0
SYEM_MOUSE,221,0,0
SYEM_MOUSE,511,0,0
SYFB_ECOLI,61,0,1
SYFB_MOUSE,243,0,0
SYFB_MOUSE,426,0,0
SYFB_MOUSE,504,0,0
SYG_MYCTU,194,0,0
SYHM_HUMAN,47,0,0
SYHM_HUMAN,231,0,0
SYHM_MOUSE,154,0,0
SYHM_MOUSE,396,0,0
SYI_ECOLI,160,0,0
SYI_ECOLI,183,0,0
SYI_ECOLI,583,0,0
SYI_MYCTU,219,0,0
SYI_VIBPA,125,0,0
SYLC_YEAST,352,0,0
SYLC_YEAST,429,0,1
SYLC_YEAST,715,0,0
SYMC_YEAST,231,0,0
SYMC_YEAST,270,0,0
SYMC_YEAST,317,0,0
SYMC_YEAST,466,0,0
SYNC_MOUSE,393,0,0
SYN_VIBPA,67,0,0
SYP_ECOLI,261,0,0
SYQ_ECOLI,205,0,0
SYRM_HUMAN,362,0,0
SYTC_YEAST,213,0,0
SYTC_YEAST,388,0,0
SYTC_YEAST,428,0,0
SYT_CORGL,375,0,0
SYT_ECOLI,91,0,0
SYT_ECOLI,197,0,0
SYT_ECOLI,505,0,0
SYT_ECOLI,627,0,0
SYT_VIBPA,403,0,0
SYV_CORGL,137,0,0
SYV_ECOLI,407,0,0
SYV_VIBPA,21,0,0
SYV_VIBPA,528,0,0
SYWC_MOUSE,83,0,0
SYWC_MOUSE,224,0,0
SYWC_MOUSE,375,0,0
SYY_ECOLI,273,0,0
TAF7L_MOUSE,228,0,0
TATD_ECOLI,215,0,0
TBB2A_HUMAN,19,0,0
TBB2A_HUMAN,216,0,0
TBB2A_HUMAN,350,0,0
TCPB_HUMAN,223,0,0
TCPD_HUMAN,489,0,0
TGS2_MYCTU,136,0,0
TGT_VIBPA,159,0,0
TGT_VIBPA,314,0,0
TGT_VIBPA,349,0,0
THIKA_MOUSE,209,0,0
THIL_HUMAN,131,0,0
THIM_MOUSE,191,0,0
THIO_HUMAN,72,0,0
THRC_YEAST,322,0,0
TIM13_HUMAN,64,0,0
TIM44_HUMAN,262,0,0
TKFC_MOUSE,348,0,0
TKT1_YEAST,625,0,0
TKT2_ECOLI,202,0,0
TKT2_ECOLI,298,0,0
TKT2_ECOLI,334,0,0
TLN1_MOUSE,66,0,0
TLN1_MOUSE,535,0,0
TLN1_MOUSE,1862,0,0
TLN1_MOUSE,2350,0,0
TM9S4_RAT,43,0,0
TM9S4_RAT,439,0,0
TOM70_RAT,374,0,0
TOP1_ECOLI,144,0,1
TOP2B_HUMAN,152,0,0
TOP2B_HUMAN,221,0,0
TOP2B_HUMAN,421,0,0
TOP2B_HUMAN,587,0,0
TOP2B_HUMAN,683,0,0
TOPB1_MOUSE,72,0,0
TOPB1_MOUSE,247,0,0
TOPB1_MOUSE,424,0,0
TOPB1_MOUSE,537,0,0
TOPB1_MOUSE,1088,0,0
TOPB1_MOUSE,1293,0,0
TOPB1_MOUSE,1441,0,0
TPMT_VIBPA,182,0,0
TPX2_HUMAN,141,0,0
TPX2_HUMAN,314,0,0
TPX2_HUMAN,620,0,0
TRAP1_HUMAN,262,0,0
TRAP1_MOUSE,216,0,0
TREH_MYCTU,269,0,0
TREH_MYCTU,479,0,0
TRMB_VIBPA,147,0,0
TRUD_ECOLI,81,0,0
TRXB1_YEAST,204,0,0
TRXR2_HUMAN,449,0,0
TSTD3_MOUSE,48,0,0
TUSE_ECOLI,73,0,1
TXLNB_MOUSE,200,0,0
TXND5_MOUSE,49,0,0
TYRB_ECOLI,328,0,0
UBP14_HUMAN,62,0,0
UBP14_HUMAN,214,0,0
UBP14_HUMAN,391,0,0
UBP14_HUMAN,441,0,0
UBP2L_MOUSE,26,0,0
UBP2L_MOUSE,479,0,0
UBP2L_MOUSE,1091,0,0
UCRI_MOUSE,46,0,0
UCRI_MOUSE,172,0,0
UD11_MOUSE,117,0,0
UD3A2_MOUSE,70,0,0
UD3A2_MOUSE,202,0,0
UMPS1_ORYSJ,307,0,0
UTP11_MOUSE,197,0,0
UTP11_MOUSE,218,0,0
VIGLN_RAT,572,0,0
VIGLN_RAT,1220,0,0
WDR33_MOUSE,276,0,0
WDR33_MOUSE,295,0,0
WDR33_MOUSE,410,0,0
WDR33_MOUSE,1016,0,0
WECE_ECOLI,181,0,0
WECE_ECOLI,296,0,0
WECF_ECOLI,183,0,0
Y0859_MYCTU,247,0,0
Y2017_CORGL,56,0,0
Y3329_MYCTU,391,0,0
Y566_MYCTU,11,0,0
YA075_YEAST,13,0,0
YBFF_ECOLI,190,0,0
YBIT_ECOLI,409,0,0
YCCU_ECOLI,34,0,0
YCEH_ECOLI,41,0,0
YCGM_ECOLI,168,0,0
YECA_ECOLI,200,0,0
YGIS_ECOLI,195,0,0
YGIS_ECOLI,460,0,0
YH11B_YEAST,1151,0,0
YH11B_YEAST,1738,0,0
YHI0_YEAST,124,0,0
YHI0_YEAST,205,0,0
YHI0_YEAST,421,0,0
YHI0_YEAST,493,0,0
YIDC_VIBPA,371,0,0
YRDD_ECOLI,98,0,0
Z280D_MOUSE,403,0,0
Z280D_MOUSE,424,0,0
Z280D_MOUSE,469,0,0
Z280D_MOUSE,483,0,0
Z280D_MOUSE,500,0,0
Z280D_MOUSE,669,0,0
Z280D_MOUSE,685,0,0
Z280D_MOUSE,758,0,0
Z280D_MOUSE,857,0,0
ZN704_MOUSE,173,0,0
ZN827_MOUSE,397,0,0
ZN827_MOUSE,748,0,0
ZN827_MOUSE,852,0,0
ZN827_MOUSE,955,0,0
ZN827_MOUSE,988,0,0
ZN827_MOUSE,1051,0,0
ZSWM8_MOUSE,812,0,0
ZSWM8_MOUSE,1249,0,0
